invoice_id,issuer_id,issuer_type,recipient_id,recipient_type,issue_date,due_date,amount,currency,service_type,status
INV0000001,P055289,Person,P099617,Person,2022-11-17,2022-11-30,13317,ETB,Consulting,Paid
INV0000002,C02744,Company,P084294,Person,2024-07-08,2024-09-20,22824,ETB,Maintenance,Overdue
INV0000003,P062935,Person,P054907,Person,2024-01-23,2024-04-04,43977,ETB,Consulting,Paid
INV0000004,P085020,Person,C02424,Company,2022-06-03,2022-06-30,263275,ETB,Export Fee,Pending
INV0000005,C06028,Company,P000778,Person,2022-12-14,2023-01-05,26714,ETB,Software Development,Paid
INV0000006,P055126,Person,P035950,Person,2022-03-23,2022-06-17,10768,GBP,Maintenance,Paid
INV0000007,C06571,Company,C09076,Company,2025-05-17,2025-07-04,85460,ETB,Professional Services,Paid
INV0000008,P028536,Person,P085236,Person,2024-03-07,2024-04-15,4597,ETB,Logistics,Paid
INV0000009,P050064,Person,P049639,Person,2023-05-28,2023-08-22,17020,ETB,Equipment Supply,Paid
INV0000010,P053248,Person,C07358,Company,2024-04-22,2024-05-22,201460,ETB,Consulting,Paid
INV0000011,P053312,Person,P074546,Person,2023-12-21,2024-02-17,1107,ETB,Subscription,Overdue
INV0000012,P044164,Person,P042422,Person,2024-09-30,2024-12-18,15646,AED,Training,Paid
INV0000013,P008882,Person,P041296,Person,2024-09-15,2024-10-23,1821,ETB,Maintenance,Paid
INV0000014,P029468,Person,P038327,Person,2025-09-22,2025-11-12,13621,ETB,Professional Services,Paid
INV0000015,P086729,Person,P074357,Person,2022-06-27,2022-07-31,32004,ETB,Export Fee,Paid
INV0000016,P068022,Person,P036828,Person,2025-08-12,2025-11-09,29515,ETB,Export Fee,Paid
INV0000017,P077067,Person,P036645,Person,2024-05-13,2024-07-08,31778,ETB,Subscription,Pending
INV0000018,C01734,Company,P038392,Person,2023-05-04,2023-05-21,12251,ETB,Software Development,Paid
INV0000019,P031258,Person,P038880,Person,2023-10-14,2023-12-21,34194,ETB,Professional Services,Paid
INV0000020,P021476,Person,P093774,Person,2023-06-27,2023-09-05,14049,ETB,Training,Paid
INV0000021,P065352,Person,P064307,Person,2025-12-30,2026-01-25,114415,ETB,Subscription,Paid
INV0000022,P096656,Person,P011815,Person,2022-07-05,2022-09-14,5099,ETB,Logistics,Paid
INV0000023,P061429,Person,P019695,Person,2024-02-13,2024-03-09,5984,ETB,Export Fee,Paid
INV0000024,P076249,Person,P058140,Person,2022-10-03,2022-12-31,41404,USD,Maintenance,Paid
INV0000025,P035250,Person,P084906,Person,2024-06-14,2024-08-24,32170,ETB,Export Fee,Paid
INV0000026,P045801,Person,C07574,Company,2022-05-18,2022-07-26,30909,ETB,Equipment Supply,Paid
INV0000027,P020561,Person,P039914,Person,2023-04-15,2023-07-12,82248,ETB,Import Duty,Pending
INV0000028,P001803,Person,C00758,Company,2022-04-25,2022-07-04,29154,ETB,Subscription,Paid
INV0000029,P060000,Person,P083599,Person,2023-08-06,2023-09-06,155694,USD,Equipment Supply,Paid
INV0000030,P086685,Person,P044958,Person,2024-03-07,2024-03-16,102352,ETB,Consulting,Cancelled
INV0000031,P041962,Person,P038899,Person,2024-08-13,2024-10-16,220631,ETB,Professional Services,Pending
INV0000032,P007444,Person,P072830,Person,2024-05-21,2024-08-18,5402,ETB,Consulting,Paid
INV0000033,P066530,Person,P018901,Person,2022-11-05,2022-12-11,10979,ETB,Equipment Supply,Paid
INV0000034,P045841,Person,P088357,Person,2022-03-15,2022-04-26,7925,ETB,Logistics,Paid
INV0000035,P039917,Person,P072745,Person,2022-05-29,2022-08-15,15504,ETB,Export Fee,Pending
INV0000036,P042831,Person,P013217,Person,2024-07-29,2024-08-29,81155,AED,Training,Paid
INV0000037,P090661,Person,P009351,Person,2025-07-13,2025-08-20,71861,ETB,Consulting,Paid
INV0000038,P003882,Person,P073448,Person,2024-08-06,2024-08-22,42130,ETB,Software Development,Paid
INV0000039,P029581,Person,P052382,Person,2022-01-26,2022-02-20,15690,ETB,Export Fee,Paid
INV0000040,P041124,Person,P021019,Person,2022-02-27,2022-03-23,3628,ETB,Export Fee,Overdue
INV0000041,P059800,Person,P092884,Person,2023-08-15,2023-08-28,23168,CHF,Export Fee,Paid
INV0000042,P019315,Person,P086140,Person,2024-05-06,2024-07-06,18628,ETB,Software Development,Pending
INV0000043,P044287,Person,P037330,Person,2024-09-20,2024-11-28,345117,ETB,Import Duty,Paid
INV0000044,P007775,Person,P002319,Person,2022-08-07,2022-09-10,125716,USD,Import Duty,Paid
INV0000045,P038707,Person,P054961,Person,2023-07-28,2023-10-20,6060,ETB,Training,Paid
INV0000046,C09591,Company,P077804,Person,2022-12-23,2023-01-27,2593,ETB,Export Fee,Paid
INV0000047,P078925,Person,P088040,Person,2022-01-26,2022-03-03,108520,USD,Professional Services,Paid
INV0000048,P099978,Person,P060004,Person,2024-01-16,2024-04-02,17436,ETB,Logistics,Paid
INV0000049,P068944,Person,P066869,Person,2025-05-05,2025-05-23,4088,ETB,Subscription,Paid
INV0000050,P042433,Person,P039681,Person,2025-05-22,2025-06-09,128009,ETB,Import Duty,Paid
INV0000051,P092099,Person,P029301,Person,2023-08-18,2023-11-07,26878,EUR,Export Fee,Pending
INV0000052,P018352,Person,P085653,Person,2025-03-06,2025-06-01,12129,ETB,Software Development,Paid
INV0000053,P043976,Person,P033037,Person,2023-02-22,2023-04-13,7195,ETB,Import Duty,Paid
INV0000054,P063409,Person,P029891,Person,2024-07-20,2024-08-13,36985,ETB,Subscription,Paid
INV0000055,P009937,Person,P030821,Person,2023-09-21,2023-10-13,14541,ETB,Subscription,Overdue
INV0000056,P096101,Person,P069168,Person,2023-11-09,2023-12-28,73995,ETB,Logistics,Overdue
INV0000057,P040645,Person,P037300,Person,2024-09-28,2024-10-17,31741,ETB,Software Development,Paid
INV0000058,P076476,Person,P040302,Person,2022-10-07,2022-11-23,3268,ETB,Import Duty,Pending
INV0000059,P061287,Person,P074484,Person,2025-07-13,2025-07-30,40558,USD,Export Fee,Overdue
INV0000060,P022732,Person,P088133,Person,2022-01-11,2022-04-01,13076,ETB,Training,Overdue
INV0000061,P057364,Person,C09517,Company,2024-02-21,2024-03-07,28974,ETB,Logistics,Paid
INV0000062,P098850,Person,P003297,Person,2023-09-17,2023-11-28,5624,ETB,Logistics,Paid
INV0000063,P006025,Person,P007715,Person,2024-01-20,2024-02-29,57852,ETB,Export Fee,Paid
INV0000064,C00298,Company,P053481,Person,2025-01-07,2025-03-24,61760,ETB,Subscription,Paid
INV0000065,P079902,Person,P035475,Person,2025-11-19,2026-02-08,7538,USD,Export Fee,Paid
INV0000066,P013301,Person,P077364,Person,2024-09-10,2024-10-20,11395,ETB,Training,Pending
INV0000067,P057665,Person,P006525,Person,2023-02-27,2023-04-19,4254,ETB,Subscription,Paid
INV0000068,P080241,Person,P069290,Person,2023-05-06,2023-06-02,80889,ETB,Professional Services,Overdue
INV0000069,P082215,Person,P026577,Person,2025-03-14,2025-06-02,25835,ETB,Training,Paid
INV0000070,P075036,Person,P056239,Person,2022-08-21,2022-11-03,5972,ETB,Maintenance,Paid
INV0000071,P048959,Person,P073206,Person,2022-10-12,2022-11-24,37498,ETB,Equipment Supply,Paid
INV0000072,P024916,Person,P026386,Person,2025-07-24,2025-09-17,4754,ETB,Subscription,Paid
INV0000073,P010630,Person,P076558,Person,2023-01-09,2023-02-11,90616,ETB,Export Fee,Paid
INV0000074,P021526,Person,P028620,Person,2025-06-15,2025-09-02,15404,ETB,Consulting,Paid
INV0000075,P003231,Person,P026843,Person,2024-03-16,2024-05-04,823,ETB,Consulting,Cancelled
INV0000076,P091089,Person,P012406,Person,2022-04-05,2022-05-13,6223,ETB,Consulting,Paid
INV0000077,P062620,Person,P099595,Person,2023-07-01,2023-07-12,75341,GBP,Subscription,Cancelled
INV0000078,P085685,Person,P022021,Person,2022-09-29,2022-12-21,15792,ETB,Training,Paid
INV0000079,P095734,Person,P086060,Person,2023-05-06,2023-06-29,13312,ETB,Logistics,Pending
INV0000080,P024185,Person,P038624,Person,2022-06-20,2022-07-05,14163,ETB,Export Fee,Paid
INV0000081,P030601,Person,C06806,Company,2024-04-17,2024-05-01,57082,USD,Equipment Supply,Paid
INV0000082,P097503,Person,P070920,Person,2025-06-17,2025-08-23,32189,ETB,Software Development,Overdue
INV0000083,C04858,Company,P076528,Person,2025-08-22,2025-11-10,155211,ETB,Export Fee,Paid
INV0000084,P026065,Person,P085793,Person,2025-09-11,2025-10-07,5386,ETB,Subscription,Paid
INV0000085,P067146,Person,P081053,Person,2024-09-25,2024-11-14,8698,AED,Software Development,Cancelled
INV0000086,P019844,Person,P072376,Person,2024-12-14,2025-03-11,59219,ETB,Professional Services,Pending
INV0000087,P022890,Person,P019692,Person,2024-08-20,2024-08-29,500,ETB,Export Fee,Paid
INV0000088,P073536,Person,P040569,Person,2024-03-15,2024-04-21,7211,ETB,Consulting,Paid
INV0000089,P076804,Person,P029108,Person,2022-06-03,2022-08-15,38292,ETB,Professional Services,Paid
INV0000090,P006156,Person,P083050,Person,2023-08-01,2023-08-11,18671,GBP,Logistics,Paid
INV0000091,P085935,Person,P025412,Person,2022-09-22,2022-10-23,23895,ETB,Export Fee,Paid
INV0000092,P075005,Person,P075099,Person,2025-09-29,2025-11-06,3400,GBP,Software Development,Paid
INV0000093,P029825,Person,P015844,Person,2022-07-14,2022-08-06,81750,AED,Software Development,Paid
INV0000094,P096661,Person,P006718,Person,2025-01-30,2025-02-25,2932,USD,Software Development,Paid
INV0000095,P025661,Person,P055369,Person,2025-10-21,2025-11-15,4670,USD,Professional Services,Paid
INV0000096,P040538,Person,P027012,Person,2022-01-06,2022-01-22,112293,ETB,Maintenance,Paid
INV0000097,P041043,Person,P060300,Person,2024-03-21,2024-06-03,22460,ETB,Training,Overdue
INV0000098,P093608,Person,P063659,Person,2024-03-25,2024-05-18,6435,EUR,Software Development,Cancelled
INV0000099,P093913,Person,P049066,Person,2023-10-15,2024-01-05,100089,USD,Training,Paid
INV0000100,P094582,Person,P061387,Person,2022-03-20,2022-03-30,362734,ETB,Training,Paid
INV0000101,P017845,Person,P071665,Person,2025-05-22,2025-08-09,17285,ETB,Software Development,Pending
INV0000102,P026473,Person,P040015,Person,2024-01-30,2024-03-20,38854,ETB,Subscription,Overdue
INV0000103,P021997,Person,P045540,Person,2023-11-15,2024-01-09,7309,ETB,Subscription,Paid
INV0000104,P015117,Person,P073149,Person,2025-06-10,2025-07-09,14926,ETB,Equipment Supply,Pending
INV0000105,P019594,Person,P028057,Person,2025-03-23,2025-04-08,60924,ETB,Maintenance,Paid
INV0000106,P090396,Person,P049200,Person,2025-12-11,2026-01-16,27176,USD,Logistics,Paid
INV0000107,P070848,Person,P080642,Person,2022-05-28,2022-06-04,38073,ETB,Subscription,Cancelled
INV0000108,P020787,Person,P024278,Person,2023-09-23,2023-11-08,20437,ETB,Training,Paid
INV0000109,P041360,Person,P074248,Person,2023-12-23,2024-01-25,3293,ETB,Logistics,Paid
INV0000110,P089402,Person,C02551,Company,2023-10-09,2023-10-26,1715,ETB,Training,Paid
INV0000111,P018898,Person,P065640,Person,2022-06-17,2022-08-28,2165,ETB,Logistics,Paid
INV0000112,C02874,Company,P080626,Person,2025-06-27,2025-07-12,15829,ETB,Import Duty,Paid
INV0000113,P086206,Person,P030924,Person,2023-07-13,2023-10-08,65812,USD,Professional Services,Pending
INV0000114,C03421,Company,P001567,Person,2025-11-18,2025-12-05,23856,ETB,Consulting,Pending
INV0000115,P037871,Person,P063337,Person,2023-08-30,2023-09-24,86222,USD,Training,Pending
INV0000116,P078147,Person,P054270,Person,2023-08-03,2023-10-24,2548,USD,Maintenance,Paid
INV0000117,P098612,Person,P014836,Person,2022-02-24,2022-05-03,28996,ETB,Training,Overdue
INV0000118,P033474,Person,P086829,Person,2023-11-11,2024-01-05,3437,ETB,Consulting,Pending
INV0000119,P006456,Person,P053900,Person,2024-05-15,2024-08-02,141030,ETB,Import Duty,Paid
INV0000120,P049115,Person,P020016,Person,2022-04-05,2022-07-02,1966,ETB,Logistics,Paid
INV0000121,P052953,Person,P006081,Person,2025-01-11,2025-04-02,69953,ETB,Maintenance,Paid
INV0000122,P066727,Person,P023517,Person,2022-06-23,2022-08-29,2351,ETB,Logistics,Overdue
INV0000123,C09606,Company,P080084,Person,2024-10-25,2024-11-16,4757,USD,Professional Services,Paid
INV0000124,P066439,Person,P083795,Person,2024-05-29,2024-07-08,18958,ETB,Consulting,Pending
INV0000125,P051428,Person,P004882,Person,2024-08-15,2024-10-21,10437,ETB,Software Development,Paid
INV0000126,P029498,Person,P006172,Person,2025-02-18,2025-03-06,5767,ETB,Logistics,Pending
INV0000127,P066411,Person,P012518,Person,2025-11-15,2026-01-29,75367,ETB,Software Development,Cancelled
INV0000128,P050085,Person,P022610,Person,2024-11-08,2024-12-22,992,GBP,Import Duty,Paid
INV0000129,P052242,Person,C05264,Company,2025-11-13,2026-02-03,10959,ETB,Software Development,Paid
INV0000130,P046132,Person,P020765,Person,2022-09-05,2022-10-23,12891,ETB,Logistics,Pending
INV0000131,P037671,Person,P097195,Person,2023-10-01,2023-11-28,242226,ETB,Subscription,Pending
INV0000132,P007840,Person,P046146,Person,2023-11-10,2023-11-22,102437,ETB,Equipment Supply,Paid
INV0000133,P021136,Person,P084341,Person,2024-02-06,2024-04-24,16217,EUR,Maintenance,Paid
INV0000134,P041314,Person,P082995,Person,2024-02-11,2024-03-14,27874,GBP,Equipment Supply,Paid
INV0000135,P051915,Person,C05941,Company,2022-05-13,2022-07-13,10081,CHF,Equipment Supply,Paid
INV0000136,P049637,Person,P059957,Person,2023-09-30,2023-12-13,46780,GBP,Consulting,Paid
INV0000137,P053837,Person,P005341,Person,2025-12-11,2026-02-24,13191,ETB,Equipment Supply,Paid
INV0000138,C08875,Company,P053291,Person,2024-09-29,2024-11-07,22689,ETB,Consulting,Pending
INV0000139,P093618,Person,P047624,Person,2024-01-16,2024-04-09,21843,GBP,Logistics,Paid
INV0000140,P005337,Person,P035925,Person,2025-02-28,2025-05-12,114191,ETB,Logistics,Paid
INV0000141,P050881,Person,C09544,Company,2024-01-31,2024-03-24,5996,ETB,Subscription,Paid
INV0000142,P057437,Person,P080808,Person,2023-12-06,2024-02-13,6984,CHF,Training,Paid
INV0000143,C00776,Company,P052438,Person,2023-02-16,2023-03-18,17216,ETB,Training,Paid
INV0000144,P004078,Person,P067538,Person,2024-11-13,2024-11-28,11584,ETB,Training,Pending
INV0000145,P060629,Person,C01035,Company,2022-08-15,2022-11-08,29176,ETB,Consulting,Overdue
INV0000146,P030007,Person,C02110,Company,2024-09-21,2024-12-13,39119,USD,Export Fee,Paid
INV0000147,P043037,Person,P065031,Person,2025-04-17,2025-05-23,12249,GBP,Export Fee,Paid
INV0000148,P091784,Person,P080084,Person,2023-08-20,2023-09-16,137579,CHF,Software Development,Overdue
INV0000149,P072203,Person,P011196,Person,2025-06-25,2025-09-02,17850,ETB,Equipment Supply,Paid
INV0000150,C05258,Company,P063315,Person,2025-11-06,2025-11-30,20651,ETB,Training,Pending
INV0000151,P045188,Person,P006447,Person,2023-04-15,2023-06-12,151057,GBP,Equipment Supply,Paid
INV0000152,P079219,Person,P066825,Person,2022-02-03,2022-02-24,57954,ETB,Import Duty,Paid
INV0000153,P061716,Person,P040485,Person,2025-10-21,2025-12-13,14011,ETB,Logistics,Paid
INV0000154,P030519,Person,P098022,Person,2025-05-25,2025-07-06,3289,ETB,Training,Paid
INV0000155,P007817,Person,P076215,Person,2025-04-07,2025-05-31,3653,EUR,Subscription,Paid
INV0000156,P043090,Person,P044109,Person,2023-01-11,2023-02-07,14047,ETB,Professional Services,Cancelled
INV0000157,P076116,Person,P052318,Person,2022-03-21,2022-04-30,1277,ETB,Maintenance,Paid
INV0000158,P018396,Person,C01024,Company,2024-04-25,2024-06-28,24995,EUR,Maintenance,Pending
INV0000159,P097276,Person,P021425,Person,2024-08-30,2024-11-02,3244,ETB,Maintenance,Paid
INV0000160,P027064,Person,P076901,Person,2025-02-17,2025-05-07,3758,ETB,Subscription,Paid
INV0000161,P043312,Person,P061097,Person,2025-09-27,2025-10-22,14953,ETB,Logistics,Pending
INV0000162,P041229,Person,P005225,Person,2024-05-03,2024-06-03,59108,ETB,Software Development,Paid
INV0000163,P086593,Person,P019518,Person,2025-05-29,2025-08-12,18388,ETB,Professional Services,Paid
INV0000164,P053435,Person,P010439,Person,2023-01-09,2023-02-05,16835,USD,Consulting,Pending
INV0000165,P014381,Person,P098621,Person,2022-05-15,2022-08-04,15320,ETB,Maintenance,Paid
INV0000166,P013081,Person,P067850,Person,2024-03-09,2024-03-25,320934,ETB,Export Fee,Paid
INV0000167,P021741,Person,P078641,Person,2022-01-23,2022-02-21,10577,ETB,Subscription,Paid
INV0000168,C06842,Company,P074939,Person,2024-04-19,2024-07-11,5449,ETB,Training,Paid
INV0000169,C03261,Company,P016622,Person,2025-10-21,2026-01-07,335652,ETB,Consulting,Paid
INV0000170,P005915,Person,P007851,Person,2024-08-20,2024-11-11,66045,ETB,Subscription,Pending
INV0000171,P000459,Person,P027809,Person,2022-06-25,2022-09-14,78954,ETB,Subscription,Overdue
INV0000172,P021382,Person,P057648,Person,2025-07-27,2025-08-30,11444,ETB,Software Development,Pending
INV0000173,P091411,Person,P073711,Person,2024-05-25,2024-07-04,8480,ETB,Import Duty,Paid
INV0000174,P051254,Person,P049599,Person,2023-10-19,2023-12-16,218417,USD,Software Development,Paid
INV0000175,P092772,Person,P090810,Person,2022-08-22,2022-09-18,26446,ETB,Export Fee,Paid
INV0000176,P055581,Person,P030815,Person,2025-11-29,2026-01-07,10525,ETB,Subscription,Paid
INV0000177,P093926,Person,P022708,Person,2024-08-01,2024-09-18,5313,ETB,Consulting,Paid
INV0000178,P003613,Person,P038258,Person,2023-10-07,2023-12-23,43278,ETB,Logistics,Overdue
INV0000179,P073373,Person,P013771,Person,2023-12-09,2024-02-07,64870,GBP,Training,Paid
INV0000180,P098730,Person,C02401,Company,2025-04-22,2025-05-29,2372,ETB,Consulting,Paid
INV0000181,P008530,Person,P015184,Person,2024-11-06,2025-01-17,11303,ETB,Professional Services,Overdue
INV0000182,P010023,Person,P011870,Person,2024-01-15,2024-01-25,26923,USD,Equipment Supply,Paid
INV0000183,P059337,Person,P064719,Person,2024-10-20,2024-12-23,14332,ETB,Software Development,Paid
INV0000184,P039608,Person,P072153,Person,2022-10-15,2022-11-06,42121,GBP,Import Duty,Pending
INV0000185,P063821,Person,P037306,Person,2023-09-03,2023-11-06,3130,ETB,Equipment Supply,Paid
INV0000186,P021944,Person,C09387,Company,2025-12-01,2026-02-03,11143,AED,Export Fee,Paid
INV0000187,C08135,Company,P010083,Person,2023-07-05,2023-08-18,4114,ETB,Logistics,Paid
INV0000188,P080849,Person,P034326,Person,2023-12-10,2024-01-17,9703,ETB,Logistics,Paid
INV0000189,P030942,Person,P006715,Person,2024-08-02,2024-08-22,6499,ETB,Logistics,Paid
INV0000190,P090021,Person,P038460,Person,2024-11-28,2025-01-17,21619,USD,Training,Paid
INV0000191,P047237,Person,P079433,Person,2024-04-15,2024-04-22,24537,ETB,Logistics,Paid
INV0000192,P073885,Person,P052192,Person,2022-07-26,2022-09-05,17327,ETB,Maintenance,Paid
INV0000193,P065653,Person,P098440,Person,2025-08-15,2025-10-21,40351,USD,Logistics,Paid
INV0000194,P081375,Person,P089915,Person,2023-05-17,2023-07-06,5676,ETB,Consulting,Paid
INV0000195,P092127,Person,C07646,Company,2025-06-07,2025-08-23,66455,ETB,Maintenance,Paid
INV0000196,P091387,Person,P034572,Person,2025-12-12,2026-01-18,33652,ETB,Import Duty,Paid
INV0000197,P064715,Person,P031468,Person,2022-09-20,2022-12-13,5366,ETB,Professional Services,Paid
INV0000198,P046393,Person,P047394,Person,2025-06-06,2025-08-17,12439,ETB,Consulting,Paid
INV0000199,P060028,Person,P047682,Person,2025-10-08,2025-11-20,1458026,ETB,Software Development,Pending
INV0000200,P041234,Person,P094927,Person,2025-02-15,2025-03-23,2703,USD,Logistics,Paid
INV0000201,P024445,Person,P017209,Person,2023-02-16,2023-04-21,40919,ETB,Equipment Supply,Paid
INV0000202,P062639,Person,P015808,Person,2024-07-30,2024-10-08,70234,ETB,Export Fee,Cancelled
INV0000203,P068767,Person,P059185,Person,2022-02-25,2022-03-15,6975,ETB,Consulting,Paid
INV0000204,P094276,Person,P068596,Person,2025-11-14,2025-12-31,63279,ETB,Professional Services,Paid
INV0000205,P010982,Person,C02725,Company,2025-03-22,2025-04-12,3707,ETB,Software Development,Paid
INV0000206,P083914,Person,P062527,Person,2023-02-21,2023-04-15,3505,ETB,Consulting,Overdue
INV0000207,P066247,Person,P073664,Person,2023-03-07,2023-06-04,20797,USD,Professional Services,Paid
INV0000208,P008602,Person,C01004,Company,2022-10-16,2023-01-11,9708,ETB,Maintenance,Paid
INV0000209,P096782,Person,C09585,Company,2025-06-08,2025-07-19,10472,ETB,Training,Overdue
INV0000210,P028112,Person,C04349,Company,2024-11-12,2025-01-12,500,ETB,Maintenance,Paid
INV0000211,C04889,Company,P031030,Person,2022-08-25,2022-09-28,10950,ETB,Logistics,Overdue
INV0000212,P063475,Person,P057641,Person,2024-05-25,2024-08-11,186051,USD,Subscription,Paid
INV0000213,P055321,Person,P082891,Person,2022-05-07,2022-07-22,31152,ETB,Consulting,Cancelled
INV0000214,P067349,Person,C01228,Company,2023-02-08,2023-02-20,107586,ETB,Maintenance,Paid
INV0000215,P062932,Person,C03367,Company,2022-08-16,2022-11-11,370597,ETB,Consulting,Overdue
INV0000216,C02462,Company,P044762,Person,2023-01-06,2023-02-10,257717,ETB,Software Development,Paid
INV0000217,P041784,Person,P082340,Person,2024-01-28,2024-04-19,12670,ETB,Training,Paid
INV0000218,P074026,Person,P059170,Person,2022-04-06,2022-04-21,49006,ETB,Professional Services,Overdue
INV0000219,P077636,Person,P089737,Person,2025-05-27,2025-07-14,146671,CHF,Software Development,Paid
INV0000220,P004212,Person,P007691,Person,2024-05-18,2024-06-18,336303,USD,Export Fee,Cancelled
INV0000221,P036886,Person,P037612,Person,2025-10-11,2025-12-20,13221,ETB,Logistics,Paid
INV0000222,P076556,Person,P006619,Person,2024-11-05,2025-01-09,2808,ETB,Import Duty,Paid
INV0000223,P068779,Person,P038093,Person,2025-07-17,2025-09-17,42349,ETB,Export Fee,Paid
INV0000224,P003936,Person,P039039,Person,2023-07-19,2023-09-11,6134,ETB,Subscription,Paid
INV0000225,P091202,Person,P041579,Person,2025-10-28,2025-11-07,50906,EUR,Maintenance,Paid
INV0000226,P074812,Person,C04431,Company,2023-08-27,2023-10-05,343392,ETB,Professional Services,Paid
INV0000227,P060121,Person,C05788,Company,2025-02-07,2025-02-18,1818,USD,Training,Pending
INV0000228,P076724,Person,P099337,Person,2022-12-28,2023-02-21,22017,ETB,Training,Cancelled
INV0000229,P057178,Person,P009980,Person,2025-10-05,2025-12-12,25628,EUR,Logistics,Overdue
INV0000230,P018002,Person,P034197,Person,2022-12-22,2023-03-13,9808,ETB,Logistics,Paid
INV0000231,P091945,Person,P017687,Person,2025-04-19,2025-04-29,132116,ETB,Consulting,Paid
INV0000232,P023145,Person,P060985,Person,2024-07-16,2024-09-20,10474,ETB,Software Development,Paid
INV0000233,P054595,Person,P061597,Person,2025-01-18,2025-03-30,39021,ETB,Import Duty,Overdue
INV0000234,P045941,Person,P078329,Person,2022-09-07,2022-11-07,12176,EUR,Maintenance,Paid
INV0000235,P056800,Person,P044135,Person,2022-05-27,2022-08-24,12835,USD,Training,Paid
INV0000236,P074325,Person,P013240,Person,2024-07-04,2024-08-07,14282,ETB,Professional Services,Paid
INV0000237,P075273,Person,P074541,Person,2023-02-03,2023-03-22,84145,ETB,Consulting,Pending
INV0000238,P031335,Person,P073804,Person,2024-09-11,2024-11-26,140442,ETB,Export Fee,Overdue
INV0000239,P003971,Person,P066329,Person,2022-08-25,2022-10-09,5570,ETB,Equipment Supply,Paid
INV0000240,P044109,Person,C01012,Company,2024-02-13,2024-04-29,22632,ETB,Subscription,Paid
INV0000241,P025364,Person,P063407,Person,2025-08-02,2025-10-25,7315,ETB,Professional Services,Overdue
INV0000242,P097818,Person,P013197,Person,2023-12-24,2024-02-01,12490,ETB,Export Fee,Pending
INV0000243,P016055,Person,P028024,Person,2022-10-31,2023-01-28,6412,ETB,Export Fee,Paid
INV0000244,P008069,Person,P097168,Person,2023-04-30,2023-05-21,10628,ETB,Consulting,Cancelled
INV0000245,P047070,Person,P018711,Person,2024-01-21,2024-04-13,13863,ETB,Professional Services,Overdue
INV0000246,P044636,Person,P045849,Person,2025-10-09,2025-11-20,8111,ETB,Logistics,Paid
INV0000247,P060247,Person,C04145,Company,2023-01-19,2023-03-10,87766,ETB,Maintenance,Paid
INV0000248,P006408,Person,C00905,Company,2023-12-03,2024-01-09,22334,ETB,Consulting,Overdue
INV0000249,P023461,Person,P022948,Person,2023-09-13,2023-09-30,14636,ETB,Equipment Supply,Paid
INV0000250,P037424,Person,P075324,Person,2024-07-08,2024-09-11,46793,EUR,Maintenance,Paid
INV0000251,P094262,Person,P045409,Person,2024-07-29,2024-08-26,22928,ETB,Subscription,Paid
INV0000252,P076920,Person,P081526,Person,2024-10-29,2024-12-14,81449,ETB,Maintenance,Paid
INV0000253,P006058,Person,P011433,Person,2023-04-19,2023-05-18,4042,CHF,Export Fee,Paid
INV0000254,C03786,Company,P077138,Person,2023-12-05,2024-02-04,11156,ETB,Subscription,Pending
INV0000255,P054388,Person,P021541,Person,2025-03-15,2025-04-19,11645,ETB,Logistics,Overdue
INV0000256,P065010,Person,P023397,Person,2025-02-26,2025-04-23,3100,ETB,Logistics,Paid
INV0000257,P062520,Person,P086996,Person,2024-11-08,2025-01-21,37250,ETB,Export Fee,Paid
INV0000258,P030388,Person,C06354,Company,2023-01-02,2023-01-23,17295,ETB,Import Duty,Cancelled
INV0000259,P092884,Person,P072290,Person,2024-06-02,2024-08-17,1285025,ETB,Software Development,Pending
INV0000260,P023756,Person,C04499,Company,2023-04-14,2023-04-26,7000,GBP,Professional Services,Paid
INV0000261,P091808,Person,P064210,Person,2025-04-04,2025-04-20,2188,ETB,Equipment Supply,Paid
INV0000262,P031605,Person,P056902,Person,2025-05-11,2025-08-03,1715,EUR,Professional Services,Pending
INV0000263,P018886,Person,P084331,Person,2024-01-16,2024-01-23,12237,ETB,Export Fee,Paid
INV0000264,P000672,Person,C00245,Company,2022-05-18,2022-07-19,20777,ETB,Training,Paid
INV0000265,P090705,Person,P002000,Person,2022-08-12,2022-09-14,86159,ETB,Software Development,Paid
INV0000266,P023001,Person,P029200,Person,2022-05-17,2022-07-28,1500,ETB,Subscription,Pending
INV0000267,P021868,Person,P050241,Person,2022-12-16,2023-02-14,117524,USD,Logistics,Paid
INV0000268,P073857,Person,P050738,Person,2025-02-27,2025-05-25,119572,ETB,Subscription,Pending
INV0000269,P089246,Person,C07481,Company,2023-03-05,2023-04-11,3017,ETB,Subscription,Paid
INV0000270,P038257,Person,P083942,Person,2024-04-17,2024-05-12,6899,ETB,Software Development,Paid
INV0000271,C01995,Company,P033667,Person,2022-01-26,2022-03-06,27380,ETB,Professional Services,Paid
INV0000272,P017840,Person,P073327,Person,2023-12-12,2024-02-26,12305,ETB,Subscription,Pending
INV0000273,C01355,Company,P013211,Person,2022-10-16,2022-10-25,15720,GBP,Professional Services,Paid
INV0000274,P020554,Person,P011525,Person,2024-04-11,2024-05-22,13035,ETB,Training,Paid
INV0000275,P099453,Person,P019169,Person,2025-11-05,2026-01-27,66230,ETB,Software Development,Paid
INV0000276,P088235,Person,P004887,Person,2022-12-30,2023-03-19,500,ETB,Consulting,Cancelled
INV0000277,P033490,Person,P072981,Person,2023-09-15,2023-10-10,317887,ETB,Consulting,Paid
INV0000278,P021595,Person,P056029,Person,2024-10-08,2024-12-27,5443,ETB,Subscription,Pending
INV0000279,P043428,Person,C09969,Company,2023-09-07,2023-11-20,15154,ETB,Maintenance,Cancelled
INV0000280,P055790,Person,P032552,Person,2025-06-15,2025-07-21,1432,GBP,Equipment Supply,Paid
INV0000281,P027577,Person,P045200,Person,2024-07-18,2024-09-14,1264,ETB,Subscription,Overdue
INV0000282,P027475,Person,P014765,Person,2025-12-09,2026-01-10,14679,ETB,Consulting,Paid
INV0000283,P053786,Person,C06099,Company,2022-10-31,2022-11-28,271417,AED,Professional Services,Paid
INV0000284,P082001,Person,P045263,Person,2025-11-06,2025-12-01,23809,ETB,Subscription,Paid
INV0000285,P082089,Person,P010770,Person,2022-08-14,2022-10-13,23125,ETB,Logistics,Paid
INV0000286,P075609,Person,P002236,Person,2024-10-04,2024-12-23,123103,ETB,Equipment Supply,Pending
INV0000287,C09600,Company,P085400,Person,2025-06-12,2025-07-19,13537,ETB,Import Duty,Paid
INV0000288,P047177,Person,P068031,Person,2025-03-13,2025-05-24,12833,AED,Subscription,Cancelled
INV0000289,P014981,Person,P062857,Person,2022-10-29,2022-11-18,18990,ETB,Training,Pending
INV0000290,P096612,Person,P042192,Person,2022-05-28,2022-08-09,886662,USD,Maintenance,Paid
INV0000291,P033145,Person,P004397,Person,2022-10-23,2022-12-07,2256,ETB,Professional Services,Overdue
INV0000292,P018992,Person,P073763,Person,2024-06-16,2024-07-13,16679,USD,Import Duty,Overdue
INV0000293,C03664,Company,P051601,Person,2022-05-21,2022-06-19,36058,ETB,Consulting,Pending
INV0000294,P095154,Person,P083875,Person,2022-12-22,2023-02-21,5993,ETB,Training,Paid
INV0000295,P043102,Person,P016656,Person,2022-12-25,2023-03-23,167148,GBP,Import Duty,Paid
INV0000296,P004010,Person,P090039,Person,2022-09-28,2022-10-13,11053,ETB,Professional Services,Paid
INV0000297,P064888,Person,P001093,Person,2024-07-21,2024-09-24,52541,ETB,Consulting,Paid
INV0000298,P000189,Person,P015666,Person,2025-07-24,2025-08-11,10265,ETB,Export Fee,Paid
INV0000299,P065174,Person,P034596,Person,2025-04-24,2025-07-09,26255,ETB,Equipment Supply,Pending
INV0000300,P050003,Person,P089171,Person,2025-10-09,2025-11-06,276112,ETB,Training,Overdue
INV0000301,P078152,Person,C03176,Company,2023-10-29,2024-01-09,194001,ETB,Logistics,Paid
INV0000302,P025521,Person,P070003,Person,2022-10-26,2022-12-27,22219,ETB,Software Development,Paid
INV0000303,P013142,Person,C03638,Company,2022-12-02,2023-01-24,284849,ETB,Professional Services,Pending
INV0000304,P073269,Person,P000590,Person,2024-02-29,2024-04-14,8489,ETB,Professional Services,Paid
INV0000305,P056593,Person,P028667,Person,2025-07-16,2025-08-15,3534,GBP,Professional Services,Pending
INV0000306,P084314,Person,P046661,Person,2022-10-09,2022-12-16,72374,ETB,Export Fee,Pending
INV0000307,P085682,Person,P099541,Person,2023-03-23,2023-05-31,22598,ETB,Equipment Supply,Paid
INV0000308,P012420,Person,P091234,Person,2023-11-23,2023-12-13,9093,GBP,Export Fee,Cancelled
INV0000309,P063114,Person,P069666,Person,2024-04-26,2024-06-29,10395,ETB,Professional Services,Cancelled
INV0000310,P072336,Person,P026595,Person,2022-09-10,2022-11-10,21375,USD,Software Development,Paid
INV0000311,P006081,Person,P010677,Person,2023-05-13,2023-05-31,1075307,GBP,Training,Paid
INV0000312,P013542,Person,P004550,Person,2022-04-03,2022-05-08,101498,ETB,Professional Services,Paid
INV0000313,P000305,Person,P096273,Person,2025-05-02,2025-07-04,162998,ETB,Logistics,Paid
INV0000314,P045400,Person,P031234,Person,2025-12-26,2026-02-16,7880,ETB,Equipment Supply,Paid
INV0000315,P088051,Person,P002059,Person,2022-09-11,2022-09-26,12549,ETB,Export Fee,Paid
INV0000316,P046954,Person,P080948,Person,2024-12-31,2025-02-25,146395,GBP,Training,Pending
INV0000317,P085375,Person,P070698,Person,2024-03-25,2024-06-13,422801,ETB,Software Development,Cancelled
INV0000318,P065495,Person,P047932,Person,2024-11-18,2025-01-22,241088,ETB,Logistics,Paid
INV0000319,P092066,Person,P061209,Person,2022-06-12,2022-07-06,62578,ETB,Subscription,Overdue
INV0000320,P053950,Person,P002097,Person,2024-04-01,2024-06-16,187733,ETB,Export Fee,Paid
INV0000321,P092171,Person,P024718,Person,2025-06-22,2025-07-02,32398,ETB,Consulting,Paid
INV0000322,P061939,Person,P015379,Person,2024-01-14,2024-04-08,256730,ETB,Subscription,Paid
INV0000323,P008541,Person,P060542,Person,2023-06-21,2023-09-12,14872,USD,Equipment Supply,Overdue
INV0000324,P017195,Person,P019283,Person,2023-06-12,2023-07-22,38396,GBP,Professional Services,Paid
INV0000325,P014098,Person,P064529,Person,2022-02-03,2022-02-22,20389,USD,Export Fee,Overdue
INV0000326,P014810,Person,P064214,Person,2022-01-16,2022-03-25,8905,ETB,Equipment Supply,Overdue
INV0000327,P014822,Person,P026765,Person,2022-05-05,2022-07-01,2486,ETB,Software Development,Paid
INV0000328,P016363,Person,P089998,Person,2022-07-09,2022-08-21,3257,EUR,Export Fee,Paid
INV0000329,P060466,Person,P073561,Person,2025-07-30,2025-10-18,64069,USD,Subscription,Paid
INV0000330,P072278,Person,P059471,Person,2023-12-04,2024-01-24,84276,ETB,Professional Services,Pending
INV0000331,P003378,Person,P064827,Person,2025-02-17,2025-04-26,9913,EUR,Professional Services,Paid
INV0000332,P065317,Person,P008212,Person,2024-04-14,2024-06-25,111667,USD,Professional Services,Paid
INV0000333,P059260,Person,P011791,Person,2023-06-28,2023-08-01,225041,GBP,Maintenance,Paid
INV0000334,C02845,Company,C09801,Company,2022-01-13,2022-04-09,17830,USD,Equipment Supply,Paid
INV0000335,P094639,Person,P020234,Person,2022-07-31,2022-08-11,35469,ETB,Consulting,Paid
INV0000336,P056170,Person,P092391,Person,2022-02-08,2022-04-01,33041,ETB,Consulting,Paid
INV0000337,P015598,Person,P066927,Person,2024-06-12,2024-07-30,12139,ETB,Professional Services,Paid
INV0000338,P047536,Person,P082903,Person,2023-05-26,2023-06-05,31030,ETB,Import Duty,Paid
INV0000339,P056171,Person,P087417,Person,2022-01-31,2022-02-27,2975,ETB,Software Development,Pending
INV0000340,P081903,Person,P093318,Person,2023-04-08,2023-06-27,5572,ETB,Import Duty,Paid
INV0000341,P046007,Person,P008105,Person,2024-08-29,2024-11-06,390790,USD,Professional Services,Paid
INV0000342,P034873,Person,P038388,Person,2022-12-27,2023-03-26,6381,ETB,Import Duty,Paid
INV0000343,P018169,Person,P072880,Person,2025-02-04,2025-04-27,39858,USD,Import Duty,Paid
INV0000344,P088382,Person,P061936,Person,2025-06-26,2025-07-22,25086,ETB,Consulting,Paid
INV0000345,P044824,Person,P059685,Person,2023-11-25,2024-01-10,6115,ETB,Consulting,Pending
INV0000346,P027871,Person,P078795,Person,2023-07-11,2023-08-07,37704,ETB,Import Duty,Paid
INV0000347,P003070,Person,P068541,Person,2022-07-06,2022-07-23,10276,EUR,Equipment Supply,Paid
INV0000348,P039778,Person,P030466,Person,2025-10-16,2025-12-27,23177,ETB,Import Duty,Paid
INV0000349,P070532,Person,P002272,Person,2024-06-09,2024-07-07,147691,ETB,Professional Services,Pending
INV0000350,P047530,Person,C09948,Company,2025-10-08,2025-10-26,28323,USD,Software Development,Paid
INV0000351,P006051,Person,P031225,Person,2022-10-28,2022-11-27,35940,ETB,Maintenance,Paid
INV0000352,P085135,Person,P059301,Person,2025-05-04,2025-07-05,14570,ETB,Subscription,Paid
INV0000353,P070841,Person,P040630,Person,2022-10-22,2023-01-14,10738,ETB,Professional Services,Pending
INV0000354,P011613,Person,P090250,Person,2023-12-07,2024-02-09,5006,GBP,Import Duty,Overdue
INV0000355,P051828,Person,P003237,Person,2024-03-23,2024-06-16,81556,ETB,Software Development,Paid
INV0000356,P067651,Person,P005194,Person,2022-10-14,2022-11-28,9973,ETB,Import Duty,Paid
INV0000357,C06943,Company,P057746,Person,2023-11-20,2024-01-19,44711,EUR,Logistics,Paid
INV0000358,P083724,Person,P004139,Person,2024-07-03,2024-09-07,16067,CHF,Import Duty,Paid
INV0000359,P086542,Person,P043033,Person,2024-03-28,2024-05-21,7201,ETB,Import Duty,Cancelled
INV0000360,P080418,Person,P003450,Person,2024-05-26,2024-06-07,532526,ETB,Import Duty,Paid
INV0000361,P032082,Person,P028998,Person,2022-01-07,2022-01-18,82043,ETB,Logistics,Pending
INV0000362,P072735,Person,P054977,Person,2022-05-24,2022-08-19,41286,ETB,Logistics,Overdue
INV0000363,P070348,Person,P021774,Person,2024-12-03,2024-12-12,100045,ETB,Training,Paid
INV0000364,C03484,Company,P072741,Person,2022-06-08,2022-06-20,23253,ETB,Export Fee,Pending
INV0000365,P087249,Person,P074407,Person,2022-02-25,2022-04-16,14871,ETB,Export Fee,Paid
INV0000366,P035934,Person,P041436,Person,2025-01-20,2025-03-05,11498,ETB,Import Duty,Paid
INV0000367,P080039,Person,C09205,Company,2024-01-01,2024-02-21,21795,EUR,Professional Services,Paid
INV0000368,P080601,Person,P024440,Person,2025-11-27,2026-01-10,62798,ETB,Maintenance,Overdue
INV0000369,P075696,Person,P027637,Person,2022-08-10,2022-09-08,25776,EUR,Import Duty,Pending
INV0000370,P026441,Person,P071562,Person,2024-01-23,2024-03-22,28281,EUR,Software Development,Paid
INV0000371,P024061,Person,P045526,Person,2023-04-02,2023-04-18,198676,ETB,Consulting,Paid
INV0000372,P018722,Person,P070205,Person,2025-03-20,2025-06-13,4288,ETB,Software Development,Paid
INV0000373,P011420,Person,C01354,Company,2025-07-12,2025-08-09,7580,USD,Training,Paid
INV0000374,P017990,Person,P057912,Person,2024-01-04,2024-01-14,5280,ETB,Import Duty,Paid
INV0000375,P039407,Person,P061794,Person,2023-03-10,2023-05-12,63943,ETB,Export Fee,Paid
INV0000376,P034187,Person,P070893,Person,2024-06-04,2024-07-02,44301,ETB,Equipment Supply,Pending
INV0000377,P014619,Person,P054874,Person,2025-01-28,2025-02-11,22623,GBP,Training,Overdue
INV0000378,P010966,Person,P066285,Person,2024-03-24,2024-05-13,591222,ETB,Professional Services,Paid
INV0000379,P080993,Person,P008485,Person,2025-04-07,2025-06-21,120460,CHF,Subscription,Pending
INV0000380,P061393,Person,P058750,Person,2023-07-14,2023-08-01,12269,ETB,Maintenance,Pending
INV0000381,P093744,Person,P002044,Person,2025-01-19,2025-04-08,5355,EUR,Equipment Supply,Pending
INV0000382,P046554,Person,P051138,Person,2022-12-07,2023-01-13,2936,ETB,Training,Paid
INV0000383,P040700,Person,P021952,Person,2022-04-23,2022-06-16,93750,ETB,Equipment Supply,Paid
INV0000384,P075891,Person,P084311,Person,2024-02-27,2024-03-16,87286,ETB,Import Duty,Pending
INV0000385,P038828,Person,P021099,Person,2024-03-17,2024-03-30,49952,ETB,Training,Paid
INV0000386,P046402,Person,C07899,Company,2025-11-15,2025-12-11,2168,ETB,Maintenance,Cancelled
INV0000387,P047528,Person,P036490,Person,2024-04-21,2024-06-19,7439,ETB,Training,Pending
INV0000388,P036193,Person,P093418,Person,2025-03-03,2025-04-08,12285,USD,Software Development,Pending
INV0000389,P069357,Person,P045029,Person,2022-01-19,2022-03-04,24001,ETB,Subscription,Paid
INV0000390,P073849,Person,P008727,Person,2022-11-21,2023-01-09,15989,ETB,Professional Services,Paid
INV0000391,C01550,Company,P038258,Person,2023-10-12,2023-10-31,109614,ETB,Maintenance,Paid
INV0000392,P041483,Person,P050103,Person,2022-11-23,2022-12-30,1182,USD,Logistics,Paid
INV0000393,P043934,Person,P010899,Person,2022-02-12,2022-03-03,21616,AED,Training,Paid
INV0000394,P060376,Person,P074863,Person,2025-06-17,2025-07-09,33136,ETB,Training,Paid
INV0000395,P048561,Person,P096214,Person,2022-09-18,2022-11-14,22045,ETB,Equipment Supply,Paid
INV0000396,P078950,Person,P039342,Person,2022-08-21,2022-10-16,31996,AED,Import Duty,Paid
INV0000397,C02581,Company,P037459,Person,2023-07-19,2023-08-01,11196,ETB,Software Development,Paid
INV0000398,P083273,Person,P002998,Person,2023-10-09,2023-10-26,94665,USD,Import Duty,Paid
INV0000399,P097671,Person,P084305,Person,2022-01-16,2022-03-06,154031,ETB,Equipment Supply,Paid
INV0000400,P061608,Person,P055017,Person,2023-05-08,2023-05-27,43182,ETB,Training,Paid
INV0000401,P089439,Person,P048083,Person,2023-03-10,2023-04-15,694,ETB,Import Duty,Pending
INV0000402,P064378,Person,P024408,Person,2025-02-20,2025-03-12,46951,ETB,Software Development,Paid
INV0000403,P016969,Person,P072941,Person,2024-11-01,2024-12-14,25243,ETB,Logistics,Overdue
INV0000404,P062149,Person,P030483,Person,2023-05-07,2023-05-21,39084,ETB,Subscription,Paid
INV0000405,P048881,Person,P096756,Person,2023-12-03,2024-02-04,177750,ETB,Import Duty,Pending
INV0000406,P040447,Person,P070535,Person,2022-11-17,2023-02-02,81619,CHF,Subscription,Paid
INV0000407,P066166,Person,P093747,Person,2023-07-16,2023-07-28,10590,AED,Logistics,Overdue
INV0000408,P027926,Person,C00868,Company,2023-05-13,2023-07-22,18369,ETB,Subscription,Overdue
INV0000409,P083680,Person,P072684,Person,2025-10-25,2026-01-09,94305,ETB,Maintenance,Paid
INV0000410,P054585,Person,P066885,Person,2022-04-11,2022-06-28,2310,ETB,Equipment Supply,Paid
INV0000411,P008053,Person,P006764,Person,2025-08-23,2025-10-12,12147,ETB,Logistics,Paid
INV0000412,P091326,Person,P010971,Person,2025-10-03,2025-11-01,4688,ETB,Consulting,Paid
INV0000413,P094587,Person,P018694,Person,2025-02-12,2025-03-12,615447,ETB,Software Development,Paid
INV0000414,P091256,Person,P036400,Person,2025-01-08,2025-03-31,79293,ETB,Import Duty,Paid
INV0000415,P098363,Person,P067477,Person,2023-04-28,2023-07-06,11589,ETB,Maintenance,Paid
INV0000416,P091262,Person,P043986,Person,2023-01-13,2023-04-05,2336,ETB,Logistics,Paid
INV0000417,P063018,Person,P092842,Person,2024-05-18,2024-07-06,8175,ETB,Software Development,Paid
INV0000418,P060055,Person,P024786,Person,2022-05-24,2022-06-02,29769,ETB,Import Duty,Paid
INV0000419,P040884,Person,P088837,Person,2025-10-23,2025-11-28,92677,ETB,Equipment Supply,Paid
INV0000420,P057816,Person,P073911,Person,2025-06-05,2025-07-02,4110,ETB,Logistics,Paid
INV0000421,P044347,Person,P003644,Person,2022-01-24,2022-04-22,8314,USD,Equipment Supply,Paid
INV0000422,P083500,Person,C05071,Company,2024-11-28,2024-12-17,1469,USD,Maintenance,Pending
INV0000423,P057651,Person,P043930,Person,2024-07-12,2024-09-30,29158,ETB,Professional Services,Pending
INV0000424,P068874,Person,P046189,Person,2024-11-04,2025-01-13,9967,ETB,Software Development,Cancelled
INV0000425,P012647,Person,P065909,Person,2023-11-30,2023-12-22,16302,ETB,Import Duty,Paid
INV0000426,P067226,Person,P038591,Person,2023-01-31,2023-04-06,25295,ETB,Software Development,Paid
INV0000427,P036717,Person,P047266,Person,2024-03-18,2024-05-16,16832,ETB,Maintenance,Paid
INV0000428,P023885,Person,P051091,Person,2024-11-03,2025-01-07,1921,ETB,Consulting,Paid
INV0000429,P023509,Person,P083136,Person,2023-07-09,2023-09-01,500,ETB,Logistics,Paid
INV0000430,P032351,Person,P068957,Person,2024-06-10,2024-07-09,13808,GBP,Equipment Supply,Paid
INV0000431,P053400,Person,P019847,Person,2025-03-10,2025-05-13,6715,ETB,Professional Services,Paid
INV0000432,P036321,Person,P072505,Person,2025-12-04,2026-02-22,6228,CHF,Professional Services,Paid
INV0000433,P020615,Person,P037443,Person,2024-08-03,2024-10-12,8288,ETB,Professional Services,Paid
INV0000434,P000536,Person,P071937,Person,2022-10-06,2022-10-26,34411,EUR,Training,Paid
INV0000435,C07063,Company,P011530,Person,2024-01-04,2024-03-14,5690,EUR,Logistics,Overdue
INV0000436,P067483,Person,P041664,Person,2023-05-03,2023-07-24,19926,ETB,Export Fee,Paid
INV0000437,P042415,Person,P041215,Person,2022-04-17,2022-05-23,17216,GBP,Professional Services,Paid
INV0000438,P062158,Person,P089036,Person,2025-07-11,2025-09-22,3819,ETB,Consulting,Paid
INV0000439,P058565,Person,P022844,Person,2025-10-17,2025-12-27,12721,ETB,Professional Services,Cancelled
INV0000440,P080265,Person,P026913,Person,2024-02-12,2024-03-25,8837,USD,Professional Services,Paid
INV0000441,P026380,Person,P021927,Person,2022-06-27,2022-09-13,3964,ETB,Training,Paid
INV0000442,P086450,Person,P035844,Person,2025-04-29,2025-07-04,23129,EUR,Subscription,Paid
INV0000443,P072992,Person,C01817,Company,2025-03-21,2025-05-10,500,ETB,Import Duty,Paid
INV0000444,P080431,Person,P066263,Person,2022-07-14,2022-08-25,20056,GBP,Equipment Supply,Paid
INV0000445,P056748,Person,P068500,Person,2025-12-11,2026-01-14,15969,ETB,Logistics,Overdue
INV0000446,P041448,Person,P067927,Person,2024-08-19,2024-11-02,6635,ETB,Training,Pending
INV0000447,P038459,Person,P005411,Person,2024-03-18,2024-05-13,3162,ETB,Equipment Supply,Paid
INV0000448,P036887,Person,P063359,Person,2025-12-15,2026-03-08,1680,ETB,Professional Services,Paid
INV0000449,C03210,Company,C05915,Company,2022-08-19,2022-09-14,15082,ETB,Training,Cancelled
INV0000450,P059088,Person,P094865,Person,2024-02-19,2024-03-31,184716,ETB,Consulting,Paid
INV0000451,C05396,Company,C08519,Company,2022-02-07,2022-02-28,45821,AED,Software Development,Paid
INV0000452,P095987,Person,P081030,Person,2024-08-23,2024-09-28,281239,EUR,Consulting,Overdue
INV0000453,P089452,Person,P027794,Person,2025-01-03,2025-02-27,29130,AED,Logistics,Overdue
INV0000454,P083066,Person,P051033,Person,2022-06-09,2022-09-02,1483,ETB,Maintenance,Paid
INV0000455,P062081,Person,P032990,Person,2022-12-26,2023-01-10,62672,ETB,Training,Paid
INV0000456,P068922,Person,P054990,Person,2022-08-06,2022-09-01,18908,ETB,Professional Services,Paid
INV0000457,P001337,Person,P093297,Person,2023-10-31,2024-01-15,4349,ETB,Software Development,Paid
INV0000458,P062526,Person,P042655,Person,2022-06-12,2022-07-07,11946,ETB,Import Duty,Overdue
INV0000459,P070762,Person,P058462,Person,2024-01-17,2024-02-23,2627,ETB,Subscription,Paid
INV0000460,P093140,Person,P085652,Person,2023-03-13,2023-05-11,18015,ETB,Training,Paid
INV0000461,P078858,Person,P004895,Person,2023-11-29,2024-02-11,2837,ETB,Export Fee,Paid
INV0000462,P087148,Person,P025009,Person,2024-04-27,2024-07-13,788,ETB,Equipment Supply,Paid
INV0000463,C00196,Company,P089718,Person,2024-09-27,2024-12-07,10766,ETB,Consulting,Paid
INV0000464,C03752,Company,P029482,Person,2025-09-10,2025-10-21,16575,USD,Subscription,Paid
INV0000465,P055575,Person,P035625,Person,2024-10-02,2024-12-03,19431,ETB,Export Fee,Overdue
INV0000466,P002306,Person,P043440,Person,2023-05-02,2023-07-04,15276,EUR,Equipment Supply,Cancelled
INV0000467,P035018,Person,P022485,Person,2024-02-09,2024-05-07,9352,ETB,Export Fee,Overdue
INV0000468,P097486,Person,P083315,Person,2024-04-20,2024-06-12,18366,ETB,Consulting,Paid
INV0000469,P049231,Person,P028164,Person,2023-11-11,2023-12-22,75347,ETB,Training,Paid
INV0000470,P089586,Person,P072390,Person,2023-11-05,2024-01-09,11559,ETB,Training,Pending
INV0000471,P015519,Person,P056909,Person,2024-07-14,2024-08-06,107742,ETB,Export Fee,Overdue
INV0000472,P039995,Person,P049676,Person,2024-06-02,2024-06-14,89800,ETB,Training,Paid
INV0000473,C07221,Company,P014501,Person,2022-06-24,2022-07-11,30807,ETB,Import Duty,Paid
INV0000474,P064967,Person,P045803,Person,2025-09-10,2025-09-17,3750,ETB,Logistics,Paid
INV0000475,P070489,Person,P050779,Person,2023-11-19,2023-12-05,12013,ETB,Training,Cancelled
INV0000476,C05462,Company,P019413,Person,2022-07-15,2022-08-24,1491,EUR,Import Duty,Paid
INV0000477,P082204,Person,P041779,Person,2024-05-13,2024-05-29,223395,ETB,Import Duty,Paid
INV0000478,C06807,Company,P036515,Person,2024-08-21,2024-09-06,3551,ETB,Software Development,Paid
INV0000479,P096309,Person,P090566,Person,2022-07-19,2022-10-16,154150,ETB,Equipment Supply,Paid
INV0000480,P053126,Person,C05162,Company,2024-10-02,2024-11-11,5500,ETB,Import Duty,Cancelled
INV0000481,P059533,Person,P078144,Person,2024-07-11,2024-08-14,30701,ETB,Subscription,Cancelled
INV0000482,P083139,Person,P023544,Person,2024-12-21,2025-01-26,20802,GBP,Equipment Supply,Pending
INV0000483,P047060,Person,P021638,Person,2022-10-23,2022-11-05,1054759,USD,Subscription,Paid
INV0000484,P032454,Person,P067848,Person,2025-03-14,2025-05-28,5911,ETB,Import Duty,Paid
INV0000485,P066289,Person,P009695,Person,2025-06-01,2025-08-26,12031,USD,Consulting,Paid
INV0000486,P071217,Person,C01856,Company,2025-09-01,2025-09-14,6630,ETB,Consulting,Paid
INV0000487,P095596,Person,P010631,Person,2023-04-30,2023-06-09,7003,ETB,Professional Services,Overdue
INV0000488,P003417,Person,P082055,Person,2022-11-24,2023-02-17,946,CHF,Logistics,Pending
INV0000489,P094725,Person,P044611,Person,2024-12-04,2025-03-03,45653,ETB,Consulting,Overdue
INV0000490,P078320,Person,P065013,Person,2024-02-12,2024-02-22,16906,ETB,Maintenance,Paid
INV0000491,P045039,Person,P018863,Person,2022-12-18,2023-02-09,1602,ETB,Export Fee,Paid
INV0000492,P096900,Person,P070058,Person,2022-01-02,2022-01-28,163745,ETB,Subscription,Paid
INV0000493,P013418,Person,P051974,Person,2022-05-03,2022-05-10,9276,ETB,Import Duty,Paid
INV0000494,P078806,Person,P095202,Person,2023-07-01,2023-07-15,31697,EUR,Software Development,Pending
INV0000495,P031519,Person,P054093,Person,2022-01-10,2022-02-28,257001,ETB,Export Fee,Paid
INV0000496,P002737,Person,P005038,Person,2023-11-10,2023-11-18,14074,ETB,Software Development,Paid
INV0000497,P015567,Person,P066437,Person,2024-04-24,2024-06-25,10666,ETB,Professional Services,Paid
INV0000498,P021565,Person,P058670,Person,2024-11-04,2024-11-12,405430,ETB,Maintenance,Paid
INV0000499,P043109,Person,P012613,Person,2023-04-09,2023-06-10,8271,ETB,Equipment Supply,Paid
INV0000500,P076996,Person,P060116,Person,2025-07-26,2025-09-29,12181,USD,Maintenance,Paid
INV0000501,P089226,Person,P008473,Person,2025-09-24,2025-12-04,496685,GBP,Export Fee,Paid
INV0000502,C08811,Company,P084821,Person,2023-06-03,2023-08-21,2014,EUR,Software Development,Pending
INV0000503,P009255,Person,P086063,Person,2024-01-21,2024-03-31,4710,ETB,Software Development,Paid
INV0000504,C02454,Company,P023456,Person,2023-10-14,2023-12-12,234995,USD,Logistics,Overdue
INV0000505,P060694,Person,C01495,Company,2024-01-09,2024-02-06,37858,ETB,Professional Services,Paid
INV0000506,P015992,Person,P097457,Person,2024-10-18,2024-10-28,94597,ETB,Training,Paid
INV0000507,P089002,Person,C03022,Company,2023-12-23,2024-03-20,30899,ETB,Training,Cancelled
INV0000508,C04146,Company,P001732,Person,2022-12-17,2022-12-25,19984,ETB,Equipment Supply,Paid
INV0000509,P050234,Person,P056943,Person,2025-10-10,2025-12-21,2985,CHF,Logistics,Cancelled
INV0000510,P031568,Person,P001282,Person,2024-05-04,2024-07-23,74910,AED,Maintenance,Paid
INV0000511,P021362,Person,P091807,Person,2025-08-31,2025-10-24,22287,ETB,Software Development,Pending
INV0000512,P038094,Person,P057273,Person,2022-12-12,2023-02-08,366731,ETB,Export Fee,Overdue
INV0000513,P041722,Person,P004451,Person,2025-10-11,2025-12-30,52807,ETB,Export Fee,Paid
INV0000514,P087146,Person,C03587,Company,2022-01-08,2022-01-19,35788,ETB,Training,Paid
INV0000515,C00282,Company,P060134,Person,2022-11-16,2023-01-24,5272,EUR,Import Duty,Paid
INV0000516,P016004,Person,P015183,Person,2025-09-03,2025-09-20,10260,ETB,Export Fee,Paid
INV0000517,P008111,Person,P095887,Person,2022-07-03,2022-07-16,23965,ETB,Maintenance,Paid
INV0000518,C09107,Company,P097262,Person,2022-07-01,2022-08-25,37044,AED,Equipment Supply,Pending
INV0000519,P001518,Person,P025096,Person,2025-03-24,2025-05-03,85709,ETB,Training,Pending
INV0000520,P006642,Person,P003225,Person,2024-04-14,2024-07-04,942,ETB,Equipment Supply,Paid
INV0000521,P054624,Person,C09967,Company,2025-02-02,2025-04-15,5506,EUR,Training,Paid
INV0000522,P036741,Person,P048652,Person,2024-07-12,2024-09-13,3543,USD,Import Duty,Paid
INV0000523,P055150,Person,P018360,Person,2025-01-01,2025-03-26,21954,ETB,Logistics,Paid
INV0000524,P051059,Person,P098518,Person,2023-04-12,2023-07-02,4118,ETB,Software Development,Overdue
INV0000525,P014447,Person,P073454,Person,2023-02-20,2023-05-09,5169,ETB,Equipment Supply,Paid
INV0000526,P096209,Person,P093877,Person,2024-05-08,2024-08-05,14414,ETB,Export Fee,Overdue
INV0000527,P097176,Person,P009063,Person,2022-05-30,2022-08-17,3987,ETB,Software Development,Paid
INV0000528,P030422,Person,P028858,Person,2024-04-27,2024-06-25,32292,ETB,Maintenance,Paid
INV0000529,P006344,Person,P083749,Person,2023-10-29,2023-11-25,90489,ETB,Professional Services,Paid
INV0000530,P067344,Person,P059573,Person,2023-04-25,2023-05-24,48958,ETB,Maintenance,Paid
INV0000531,P051076,Person,P066467,Person,2022-02-06,2022-04-21,35224,ETB,Export Fee,Cancelled
INV0000532,P080635,Person,C02934,Company,2022-10-01,2022-11-19,5352,ETB,Equipment Supply,Paid
INV0000533,P017333,Person,P096881,Person,2024-01-18,2024-02-22,4085,ETB,Professional Services,Paid
INV0000534,P053780,Person,P067954,Person,2023-10-05,2023-11-22,33395,ETB,Consulting,Paid
INV0000535,P074822,Person,P044137,Person,2022-10-26,2022-12-05,46999,CHF,Import Duty,Pending
INV0000536,P071684,Person,P083707,Person,2023-10-04,2023-11-27,9097,ETB,Consulting,Overdue
INV0000537,P064341,Person,P099627,Person,2024-11-16,2024-12-09,547940,ETB,Export Fee,Paid
INV0000538,P056780,Person,P007014,Person,2022-09-26,2022-11-26,73990,ETB,Software Development,Paid
INV0000539,P066484,Person,P082718,Person,2023-05-04,2023-07-12,115717,ETB,Equipment Supply,Paid
INV0000540,P034886,Person,C06320,Company,2023-03-27,2023-06-01,7504,GBP,Import Duty,Paid
INV0000541,P086212,Person,P021978,Person,2024-11-08,2024-12-05,78870,EUR,Export Fee,Cancelled
INV0000542,P027667,Person,P025393,Person,2023-10-16,2024-01-13,273156,USD,Equipment Supply,Paid
INV0000543,P012447,Person,P049648,Person,2025-07-30,2025-10-07,5540,GBP,Subscription,Overdue
INV0000544,P043755,Person,P077997,Person,2023-03-02,2023-05-17,26283,ETB,Maintenance,Overdue
INV0000545,P036859,Person,P010113,Person,2022-06-06,2022-08-05,21827,ETB,Import Duty,Paid
INV0000546,P055281,Person,P096339,Person,2024-09-30,2024-10-15,6137,ETB,Subscription,Pending
INV0000547,P077528,Person,P071149,Person,2022-12-28,2023-03-09,28024,ETB,Training,Paid
INV0000548,P061372,Person,P027660,Person,2022-06-02,2022-07-20,4188,ETB,Software Development,Paid
INV0000549,P063758,Person,P053979,Person,2022-10-03,2022-10-31,27769,ETB,Software Development,Paid
INV0000550,P031480,Person,P016215,Person,2024-10-13,2024-10-31,10252,ETB,Software Development,Paid
INV0000551,P008733,Person,P028260,Person,2024-04-19,2024-06-02,13943,ETB,Subscription,Paid
INV0000552,P047918,Person,P003372,Person,2022-06-23,2022-07-15,2482,ETB,Logistics,Pending
INV0000553,P028591,Person,P021093,Person,2022-07-04,2022-07-13,431888,ETB,Training,Paid
INV0000554,P026203,Person,P036827,Person,2023-08-21,2023-10-18,9832,ETB,Equipment Supply,Paid
INV0000555,P023321,Person,P026922,Person,2023-10-31,2023-12-27,42335,ETB,Software Development,Pending
INV0000556,P035565,Person,P039174,Person,2023-12-27,2024-03-15,91714,AED,Export Fee,Paid
INV0000557,P017525,Person,P005153,Person,2022-05-25,2022-06-20,15088,ETB,Consulting,Pending
INV0000558,C03532,Company,P003214,Person,2023-06-07,2023-08-15,2377,ETB,Software Development,Pending
INV0000559,C01865,Company,P049543,Person,2025-04-25,2025-05-13,19701,ETB,Equipment Supply,Paid
INV0000560,C03218,Company,P076664,Person,2025-05-31,2025-06-08,6020,ETB,Software Development,Paid
INV0000561,P076897,Person,P018228,Person,2022-09-27,2022-10-11,19491,USD,Consulting,Paid
INV0000562,P064452,Person,P010880,Person,2024-05-09,2024-07-26,11249,ETB,Subscription,Paid
INV0000563,C04041,Company,P020561,Person,2025-10-26,2025-12-17,13161,ETB,Training,Paid
INV0000564,P025763,Person,P094797,Person,2023-07-08,2023-10-05,2089,ETB,Subscription,Paid
INV0000565,P065050,Person,P089741,Person,2022-12-17,2023-01-04,3047,GBP,Professional Services,Pending
INV0000566,P099521,Person,P017371,Person,2022-06-12,2022-06-21,6569,GBP,Maintenance,Pending
INV0000567,P027118,Person,P017835,Person,2022-12-27,2023-01-14,13751,ETB,Logistics,Paid
INV0000568,P080322,Person,P095087,Person,2025-07-01,2025-09-25,15013,CHF,Maintenance,Paid
INV0000569,C03095,Company,C07414,Company,2022-01-11,2022-03-30,69108,AED,Software Development,Paid
INV0000570,P061042,Person,P097241,Person,2023-05-07,2023-06-11,27649,ETB,Subscription,Paid
INV0000571,P070356,Person,P064075,Person,2024-05-11,2024-05-28,18883,ETB,Professional Services,Paid
INV0000572,P032310,Person,P064260,Person,2024-01-22,2024-02-11,65210,USD,Logistics,Paid
INV0000573,P009618,Person,P091879,Person,2022-11-02,2022-11-23,125274,EUR,Import Duty,Paid
INV0000574,P019983,Person,P056622,Person,2025-06-25,2025-07-19,7328,AED,Export Fee,Paid
INV0000575,P068188,Person,P007267,Person,2024-02-22,2024-03-12,15789,ETB,Import Duty,Paid
INV0000576,P034280,Person,P098412,Person,2023-05-18,2023-08-10,18936,ETB,Import Duty,Pending
INV0000577,P094870,Person,P048733,Person,2024-02-05,2024-03-11,1791,ETB,Maintenance,Paid
INV0000578,P039267,Person,P048054,Person,2024-12-10,2025-02-08,152633,ETB,Professional Services,Paid
INV0000579,P010736,Person,P087633,Person,2025-08-02,2025-09-02,33753,GBP,Subscription,Paid
INV0000580,P082661,Person,P049220,Person,2024-01-20,2024-03-28,129438,EUR,Import Duty,Paid
INV0000581,P020728,Person,P099050,Person,2022-07-22,2022-10-06,8083,AED,Maintenance,Paid
INV0000582,P095747,Person,P032548,Person,2022-09-27,2022-12-19,8207,ETB,Software Development,Pending
INV0000583,C04641,Company,P017006,Person,2025-05-15,2025-07-31,165457,ETB,Logistics,Paid
INV0000584,P050598,Person,P042799,Person,2022-09-24,2022-10-06,71789,ETB,Professional Services,Paid
INV0000585,P024836,Person,P039210,Person,2025-09-13,2025-10-22,17481,ETB,Software Development,Pending
INV0000586,P080260,Person,C08357,Company,2023-09-04,2023-11-14,526535,ETB,Professional Services,Paid
INV0000587,P098264,Person,P008505,Person,2025-11-10,2026-02-03,120977,EUR,Export Fee,Paid
INV0000588,P011116,Person,P026903,Person,2022-01-30,2022-03-08,4050,EUR,Software Development,Paid
INV0000589,C04334,Company,P018806,Person,2022-08-14,2022-09-09,83606,ETB,Export Fee,Paid
INV0000590,P094196,Person,P002066,Person,2025-12-03,2025-12-19,28204,EUR,Export Fee,Paid
INV0000591,P064981,Person,P019679,Person,2022-09-26,2022-10-29,53456,ETB,Professional Services,Paid
INV0000592,P079856,Person,P005968,Person,2024-05-11,2024-06-07,86920,ETB,Professional Services,Paid
INV0000593,P066582,Person,C09723,Company,2024-07-20,2024-09-26,85531,ETB,Professional Services,Overdue
INV0000594,P063314,Person,P031295,Person,2022-06-02,2022-08-29,165257,EUR,Export Fee,Paid
INV0000595,P066083,Person,P058372,Person,2022-10-13,2023-01-10,6194,ETB,Export Fee,Overdue
INV0000596,P030912,Person,P049877,Person,2022-03-12,2022-05-15,60881,ETB,Subscription,Paid
INV0000597,P035213,Person,P035778,Person,2022-09-30,2022-12-15,11821,ETB,Software Development,Paid
INV0000598,P052508,Person,P035381,Person,2023-11-13,2023-11-24,59039,ETB,Import Duty,Pending
INV0000599,P016278,Person,P083274,Person,2025-08-15,2025-09-17,33291,USD,Logistics,Paid
INV0000600,P095218,Person,P022747,Person,2024-04-02,2024-05-01,14942,ETB,Maintenance,Overdue
INV0000601,P082472,Person,P088232,Person,2022-01-29,2022-04-28,32834,ETB,Consulting,Paid
INV0000602,P039580,Person,P033925,Person,2023-07-23,2023-08-15,42997,ETB,Training,Pending
INV0000603,P009001,Person,P004321,Person,2023-11-07,2023-11-26,16429,EUR,Professional Services,Paid
INV0000604,P041625,Person,P019078,Person,2024-12-27,2025-02-21,29399,ETB,Export Fee,Pending
INV0000605,P095040,Person,P025486,Person,2025-08-27,2025-11-11,390014,ETB,Export Fee,Pending
INV0000606,P091336,Person,P032467,Person,2022-04-20,2022-05-06,36457,ETB,Equipment Supply,Pending
INV0000607,P094827,Person,C08471,Company,2025-10-23,2025-12-28,134978,ETB,Consulting,Pending
INV0000608,P000828,Person,P089919,Person,2024-08-20,2024-09-06,184114,ETB,Software Development,Paid
INV0000609,P053966,Person,P045742,Person,2024-06-26,2024-08-24,115798,EUR,Subscription,Overdue
INV0000610,C03349,Company,P097199,Person,2025-06-01,2025-06-30,5355,ETB,Export Fee,Overdue
INV0000611,P013309,Person,P037581,Person,2023-08-29,2023-09-08,29087,USD,Training,Pending
INV0000612,P000479,Person,P085447,Person,2024-08-04,2024-09-29,11588,EUR,Consulting,Paid
INV0000613,C07283,Company,P030637,Person,2024-07-20,2024-09-24,18456,USD,Consulting,Overdue
INV0000614,P069240,Person,P056556,Person,2024-10-16,2024-12-12,86834,ETB,Maintenance,Paid
INV0000615,P005178,Person,P083314,Person,2024-12-16,2025-03-04,7217,ETB,Consulting,Paid
INV0000616,P096512,Person,P006866,Person,2022-06-25,2022-09-18,9611,ETB,Import Duty,Paid
INV0000617,P027694,Person,P075856,Person,2022-06-18,2022-07-06,59252,ETB,Logistics,Paid
INV0000618,P073379,Person,P014710,Person,2022-12-02,2023-01-12,20865,EUR,Logistics,Pending
INV0000619,P041548,Person,P031334,Person,2025-09-12,2025-11-06,11249,ETB,Subscription,Paid
INV0000620,P020203,Person,P063918,Person,2023-04-07,2023-05-25,132945,GBP,Maintenance,Paid
INV0000621,C06967,Company,P007534,Person,2023-12-10,2024-01-11,5091,ETB,Software Development,Paid
INV0000622,P018488,Person,P008017,Person,2024-06-25,2024-08-26,9297,ETB,Training,Paid
INV0000623,P096891,Person,P004196,Person,2024-03-09,2024-03-28,81418,ETB,Software Development,Cancelled
INV0000624,P067082,Person,P039776,Person,2024-02-19,2024-04-04,215252,USD,Equipment Supply,Paid
INV0000625,P011303,Person,P021485,Person,2023-11-20,2024-01-21,17963,ETB,Equipment Supply,Overdue
INV0000626,P014212,Person,P030637,Person,2023-05-08,2023-06-28,7509,ETB,Professional Services,Paid
INV0000627,P072721,Person,P024403,Person,2024-10-21,2024-11-21,15923,CHF,Equipment Supply,Paid
INV0000628,C02651,Company,P099290,Person,2024-07-03,2024-07-20,529,ETB,Maintenance,Overdue
INV0000629,P074497,Person,P087615,Person,2022-11-01,2022-11-23,24697,EUR,Equipment Supply,Paid
INV0000630,P070221,Person,P087068,Person,2024-10-20,2024-12-23,13092,ETB,Training,Pending
INV0000631,P076017,Person,P027830,Person,2024-02-01,2024-04-13,20324,EUR,Training,Cancelled
INV0000632,P093945,Person,P010733,Person,2024-01-16,2024-04-10,438802,ETB,Export Fee,Paid
INV0000633,P060883,Person,P005593,Person,2025-02-22,2025-05-02,2130,ETB,Subscription,Paid
INV0000634,P028806,Person,P028878,Person,2024-03-26,2024-05-13,36102,ETB,Consulting,Paid
INV0000635,P036076,Person,P061951,Person,2022-12-18,2023-01-13,12341,ETB,Training,Paid
INV0000636,P060393,Person,P079986,Person,2023-05-10,2023-05-19,6837,ETB,Import Duty,Pending
INV0000637,P065323,Person,P071416,Person,2022-10-14,2022-12-25,45203,ETB,Equipment Supply,Pending
INV0000638,P012316,Person,P065163,Person,2023-02-03,2023-03-13,27194,ETB,Equipment Supply,Paid
INV0000639,P086994,Person,P012376,Person,2025-09-14,2025-11-25,1647,ETB,Professional Services,Paid
INV0000640,P074493,Person,P031658,Person,2024-05-03,2024-05-25,55994,ETB,Logistics,Paid
INV0000641,C08761,Company,P084679,Person,2022-09-18,2022-11-01,11814,ETB,Consulting,Paid
INV0000642,P093554,Person,C02152,Company,2024-06-18,2024-09-04,34403,GBP,Import Duty,Paid
INV0000643,P063018,Person,P044927,Person,2023-11-23,2023-12-28,37422,USD,Logistics,Paid
INV0000644,P070991,Person,P076049,Person,2024-11-12,2025-01-30,89692,ETB,Import Duty,Paid
INV0000645,P057672,Person,P076276,Person,2022-10-17,2022-10-28,26517,ETB,Logistics,Paid
INV0000646,P097032,Person,P076631,Person,2025-12-02,2025-12-23,93173,ETB,Software Development,Paid
INV0000647,P057327,Person,P068236,Person,2025-04-24,2025-05-29,3578,ETB,Training,Pending
INV0000648,P083505,Person,P021023,Person,2023-02-08,2023-02-26,13937,ETB,Maintenance,Cancelled
INV0000649,C07273,Company,P095537,Person,2025-01-09,2025-03-29,32228,AED,Subscription,Paid
INV0000650,C01630,Company,P078423,Person,2024-08-17,2024-10-07,63128,USD,Professional Services,Pending
INV0000651,P087788,Person,P062961,Person,2022-11-06,2022-12-07,129254,ETB,Import Duty,Paid
INV0000652,P019208,Person,P045267,Person,2025-08-10,2025-09-13,6739,EUR,Software Development,Pending
INV0000653,P092989,Person,P079137,Person,2025-09-28,2025-12-04,36592,ETB,Training,Paid
INV0000654,P047263,Person,P099544,Person,2025-06-08,2025-07-01,62317,ETB,Professional Services,Paid
INV0000655,P070927,Person,P094133,Person,2025-10-14,2026-01-04,159226,ETB,Training,Paid
INV0000656,P011102,Person,P088255,Person,2025-09-09,2025-11-24,2664,ETB,Export Fee,Paid
INV0000657,P080423,Person,C01675,Company,2025-04-14,2025-07-06,2223,USD,Import Duty,Paid
INV0000658,P054821,Person,P043541,Person,2025-02-18,2025-04-12,6581,ETB,Logistics,Paid
INV0000659,P068918,Person,P032000,Person,2022-04-16,2022-05-21,43710,ETB,Equipment Supply,Paid
INV0000660,C06189,Company,P053057,Person,2023-01-15,2023-02-22,57754,ETB,Training,Paid
INV0000661,C06104,Company,P002248,Person,2022-01-13,2022-03-13,5780,ETB,Import Duty,Paid
INV0000662,P021229,Person,C00514,Company,2023-07-21,2023-09-23,5896,ETB,Subscription,Paid
INV0000663,P076225,Person,P082771,Person,2022-07-10,2022-09-10,5364,ETB,Subscription,Overdue
INV0000664,P080638,Person,P034500,Person,2025-05-05,2025-07-10,33384,ETB,Import Duty,Paid
INV0000665,C04731,Company,P062040,Person,2025-02-25,2025-04-21,15412,USD,Equipment Supply,Overdue
INV0000666,P082498,Person,P050037,Person,2022-07-12,2022-09-26,27049,ETB,Export Fee,Paid
INV0000667,P063429,Person,P065754,Person,2022-06-02,2022-07-30,2886,ETB,Import Duty,Paid
INV0000668,P075969,Person,P073456,Person,2023-10-31,2023-11-18,1639,ETB,Subscription,Paid
INV0000669,P000209,Person,P070896,Person,2025-09-22,2025-10-02,36217,ETB,Maintenance,Overdue
INV0000670,P023354,Person,P015202,Person,2022-10-23,2023-01-11,11266,USD,Professional Services,Paid
INV0000671,P054892,Person,P088025,Person,2023-10-19,2023-11-23,53882,ETB,Import Duty,Pending
INV0000672,P015552,Person,P025167,Person,2022-11-29,2022-12-28,15311,ETB,Equipment Supply,Paid
INV0000673,P099476,Person,P074497,Person,2024-07-09,2024-07-31,34143,ETB,Logistics,Paid
INV0000674,P084878,Person,P071330,Person,2023-08-13,2023-09-23,173714,ETB,Import Duty,Paid
INV0000675,P049608,Person,P012325,Person,2022-02-26,2022-04-09,8124,USD,Export Fee,Paid
INV0000676,P076637,Person,P009346,Person,2022-06-22,2022-07-22,12163,ETB,Maintenance,Cancelled
INV0000677,P009218,Person,P067002,Person,2025-09-12,2025-11-12,118151,GBP,Export Fee,Paid
INV0000678,P059269,Person,P003170,Person,2023-09-09,2023-11-03,3315,ETB,Training,Paid
INV0000679,P094264,Person,C05513,Company,2025-06-01,2025-08-08,46963,USD,Subscription,Paid
INV0000680,P024139,Person,P067252,Person,2023-10-03,2023-11-14,10073,ETB,Equipment Supply,Paid
INV0000681,P048552,Person,P062726,Person,2025-07-09,2025-09-08,14824,ETB,Software Development,Paid
INV0000682,P019087,Person,P013350,Person,2022-03-29,2022-04-19,24828,ETB,Equipment Supply,Paid
INV0000683,C08315,Company,C07084,Company,2024-02-12,2024-04-24,79792,ETB,Import Duty,Paid
INV0000684,P058016,Person,P000286,Person,2022-08-18,2022-09-15,7107,ETB,Consulting,Paid
INV0000685,P099545,Person,P059129,Person,2025-05-19,2025-07-26,1118,USD,Equipment Supply,Overdue
INV0000686,C06404,Company,P095922,Person,2024-07-15,2024-08-23,26001,GBP,Subscription,Paid
INV0000687,C09993,Company,P079575,Person,2022-05-07,2022-06-13,3853,AED,Equipment Supply,Paid
INV0000688,C03444,Company,C09794,Company,2025-02-07,2025-04-10,82608,ETB,Equipment Supply,Paid
INV0000689,P018178,Person,P058710,Person,2022-12-07,2022-12-27,80156,USD,Import Duty,Pending
INV0000690,P043563,Person,P014136,Person,2022-10-05,2022-10-29,45709,ETB,Subscription,Paid
INV0000691,P047729,Person,P086774,Person,2025-03-16,2025-05-31,13905,ETB,Consulting,Paid
INV0000692,P001296,Person,P076477,Person,2022-07-10,2022-07-21,26494,ETB,Software Development,Overdue
INV0000693,P017297,Person,P040361,Person,2022-04-09,2022-04-16,66291,ETB,Consulting,Paid
INV0000694,P007412,Person,P059488,Person,2024-06-05,2024-06-13,33852,ETB,Maintenance,Pending
INV0000695,P087631,Person,P083755,Person,2024-01-18,2024-02-16,27873,ETB,Import Duty,Cancelled
INV0000696,P074253,Person,P071450,Person,2025-05-21,2025-08-16,4438,ETB,Import Duty,Paid
INV0000697,P015586,Person,C09354,Company,2024-07-22,2024-10-05,28171,GBP,Maintenance,Overdue
INV0000698,P055367,Person,P014153,Person,2023-11-20,2024-01-10,336528,ETB,Consulting,Cancelled
INV0000699,P055437,Person,P017248,Person,2024-03-14,2024-05-03,2475,USD,Training,Pending
INV0000700,P095313,Person,P011032,Person,2023-08-03,2023-08-25,30437,ETB,Professional Services,Paid
INV0000701,P041465,Person,P010809,Person,2024-10-23,2024-12-24,90576,ETB,Equipment Supply,Paid
INV0000702,P037283,Person,P066282,Person,2025-07-30,2025-10-21,17332,ETB,Consulting,Paid
INV0000703,P087660,Person,P013240,Person,2023-06-20,2023-06-29,7342,GBP,Software Development,Paid
INV0000704,P006651,Person,P016303,Person,2023-05-28,2023-07-26,5985,USD,Export Fee,Paid
INV0000705,P057267,Person,P012859,Person,2023-07-11,2023-08-23,87470,ETB,Import Duty,Paid
INV0000706,P030414,Person,P082480,Person,2024-08-12,2024-09-05,9227,ETB,Maintenance,Paid
INV0000707,P015517,Person,P051105,Person,2023-09-05,2023-10-29,25584,ETB,Software Development,Paid
INV0000708,P021093,Person,P012733,Person,2023-08-06,2023-10-10,77234,ETB,Logistics,Paid
INV0000709,P095476,Person,C07151,Company,2023-07-19,2023-09-24,1487,ETB,Maintenance,Paid
INV0000710,P008292,Person,P072335,Person,2025-07-29,2025-08-05,7364,CHF,Logistics,Paid
INV0000711,P000946,Person,P089992,Person,2024-05-18,2024-07-19,11062,USD,Training,Paid
INV0000712,P068916,Person,P032323,Person,2022-12-19,2023-02-24,8485,USD,Export Fee,Pending
INV0000713,P081667,Person,P086859,Person,2023-10-19,2024-01-15,39256,USD,Logistics,Overdue
INV0000714,P036439,Person,C08543,Company,2022-06-25,2022-08-05,13980,ETB,Export Fee,Paid
INV0000715,P007807,Person,P099604,Person,2025-11-05,2026-01-17,103872,USD,Professional Services,Paid
INV0000716,P040715,Person,P011933,Person,2023-11-07,2024-02-03,799541,ETB,Maintenance,Paid
INV0000717,P011341,Person,P092967,Person,2023-11-24,2024-01-16,41919,ETB,Equipment Supply,Paid
INV0000718,P007244,Person,P055768,Person,2022-06-27,2022-08-09,2823,GBP,Import Duty,Paid
INV0000719,P004540,Person,P044772,Person,2025-12-31,2026-01-26,463095,GBP,Consulting,Paid
INV0000720,P015624,Person,P011791,Person,2025-04-21,2025-05-27,42324,EUR,Import Duty,Paid
INV0000721,P012634,Person,P004131,Person,2023-04-16,2023-07-07,3614,ETB,Maintenance,Pending
INV0000722,P039890,Person,P041313,Person,2023-10-23,2023-11-20,156923,EUR,Training,Pending
INV0000723,P014578,Person,P089228,Person,2023-08-11,2023-09-17,4007,ETB,Subscription,Pending
INV0000724,P066732,Person,P012627,Person,2022-01-31,2022-02-24,28314,ETB,Software Development,Paid
INV0000725,P051372,Person,P037173,Person,2024-09-13,2024-10-06,23027,USD,Maintenance,Paid
INV0000726,C07721,Company,P043300,Person,2024-03-20,2024-06-16,98461,ETB,Logistics,Paid
INV0000727,P061809,Person,P095854,Person,2024-07-04,2024-09-20,7799,ETB,Import Duty,Paid
INV0000728,P089335,Person,P038460,Person,2023-07-31,2023-10-05,72405,ETB,Subscription,Paid
INV0000729,C05029,Company,P053704,Person,2024-10-05,2024-12-07,94079,ETB,Consulting,Paid
INV0000730,P059390,Person,P036964,Person,2025-01-03,2025-03-14,13196,GBP,Logistics,Paid
INV0000731,P027409,Person,P005026,Person,2024-01-18,2024-03-21,9675,ETB,Consulting,Overdue
INV0000732,P024432,Person,P039853,Person,2024-01-09,2024-01-17,3160,ETB,Subscription,Overdue
INV0000733,P040656,Person,P057801,Person,2024-11-27,2025-02-01,6959,USD,Equipment Supply,Paid
INV0000734,P018535,Person,P009802,Person,2022-12-20,2023-01-03,553891,ETB,Import Duty,Paid
INV0000735,P089416,Person,P028964,Person,2022-01-18,2022-03-29,37091,AED,Training,Overdue
INV0000736,P048547,Person,C02573,Company,2022-11-21,2023-02-10,16619,ETB,Training,Paid
INV0000737,P022049,Person,P009160,Person,2024-01-29,2024-03-09,4285,ETB,Professional Services,Cancelled
INV0000738,P040279,Person,P056486,Person,2024-09-02,2024-10-10,7036,ETB,Subscription,Paid
INV0000739,P042908,Person,C05175,Company,2025-01-02,2025-03-09,3374,USD,Equipment Supply,Paid
INV0000740,C01329,Company,P023145,Person,2022-09-08,2022-10-27,46612,ETB,Consulting,Paid
INV0000741,P020942,Person,P025110,Person,2022-12-29,2023-03-20,4051,ETB,Consulting,Overdue
INV0000742,P052859,Person,P033021,Person,2023-01-30,2023-04-14,500,ETB,Training,Paid
INV0000743,P030634,Person,P099515,Person,2022-08-13,2022-09-21,5932,ETB,Logistics,Paid
INV0000744,P073160,Person,P083182,Person,2024-09-23,2024-10-21,15655,ETB,Logistics,Paid
INV0000745,P012757,Person,P040100,Person,2024-11-13,2025-01-01,23289,ETB,Software Development,Pending
INV0000746,P022557,Person,P031407,Person,2025-12-22,2026-02-26,35425,ETB,Export Fee,Paid
INV0000747,P047836,Person,P010955,Person,2022-01-29,2022-02-16,22211,ETB,Subscription,Paid
INV0000748,P022009,Person,P074629,Person,2025-01-31,2025-03-14,81822,ETB,Training,Paid
INV0000749,C02425,Company,P014954,Person,2024-01-02,2024-03-26,30222,AED,Logistics,Paid
INV0000750,P051030,Person,P035158,Person,2025-03-12,2025-05-07,63902,ETB,Subscription,Paid
INV0000751,P048865,Person,P052183,Person,2024-02-27,2024-05-17,975,ETB,Maintenance,Paid
INV0000752,P032123,Person,P026044,Person,2022-11-21,2023-01-16,500,ETB,Consulting,Paid
INV0000753,P012279,Person,P056162,Person,2024-10-19,2024-12-04,13222,USD,Logistics,Paid
INV0000754,P009832,Person,C05639,Company,2022-03-05,2022-03-17,28687,EUR,Professional Services,Paid
INV0000755,P055886,Person,P047441,Person,2025-02-05,2025-02-19,1029,ETB,Logistics,Pending
INV0000756,P032015,Person,P021593,Person,2023-03-08,2023-04-27,43205,USD,Maintenance,Paid
INV0000757,P096269,Person,P010535,Person,2023-06-24,2023-08-26,21993,ETB,Subscription,Paid
INV0000758,P032787,Person,P055314,Person,2022-09-27,2022-11-06,512,ETB,Professional Services,Pending
INV0000759,P080917,Person,P058797,Person,2023-09-08,2023-10-10,23068,ETB,Consulting,Cancelled
INV0000760,P061623,Person,P066236,Person,2022-06-06,2022-08-18,6584,ETB,Maintenance,Pending
INV0000761,P039575,Person,P004066,Person,2022-09-14,2022-11-05,6353,ETB,Training,Paid
INV0000762,P023207,Person,P052294,Person,2023-12-03,2023-12-23,11106,ETB,Equipment Supply,Paid
INV0000763,P082260,Person,C04722,Company,2024-07-24,2024-08-13,510858,ETB,Software Development,Paid
INV0000764,P078527,Person,P097598,Person,2024-06-05,2024-07-15,834,ETB,Training,Paid
INV0000765,P082944,Person,P050709,Person,2023-02-06,2023-03-16,26220,ETB,Export Fee,Paid
INV0000766,P008802,Person,P022597,Person,2022-03-07,2022-05-30,6122,ETB,Subscription,Pending
INV0000767,P087747,Person,P099247,Person,2025-11-09,2026-01-21,67238,AED,Maintenance,Paid
INV0000768,P010420,Person,P028697,Person,2024-06-21,2024-07-02,51519,ETB,Logistics,Paid
INV0000769,P094806,Person,P086729,Person,2025-09-17,2025-12-04,1382,ETB,Maintenance,Paid
INV0000770,P036728,Person,P095285,Person,2023-05-08,2023-06-10,874,ETB,Equipment Supply,Paid
INV0000771,P002075,Person,C06975,Company,2023-06-08,2023-09-05,6370,ETB,Consulting,Paid
INV0000772,C06317,Company,P000401,Person,2025-10-29,2025-11-09,18782,ETB,Export Fee,Paid
INV0000773,P049215,Person,P087812,Person,2023-01-25,2023-03-17,59218,ETB,Logistics,Cancelled
INV0000774,P053345,Person,P065604,Person,2025-10-17,2025-12-26,26605,ETB,Export Fee,Paid
INV0000775,P034893,Person,P069936,Person,2024-12-18,2025-02-24,12877,ETB,Professional Services,Paid
INV0000776,P009292,Person,P029493,Person,2023-05-03,2023-06-16,8148,ETB,Logistics,Pending
INV0000777,P067612,Person,C02362,Company,2025-04-19,2025-06-25,16911,USD,Software Development,Paid
INV0000778,P061559,Person,P006726,Person,2023-08-08,2023-10-11,874,ETB,Equipment Supply,Cancelled
INV0000779,P027627,Person,P056461,Person,2022-04-12,2022-04-19,6993,ETB,Training,Paid
INV0000780,P007084,Person,P035467,Person,2024-02-28,2024-03-15,7316,ETB,Consulting,Paid
INV0000781,P042948,Person,P065409,Person,2024-10-18,2024-12-05,23453,ETB,Maintenance,Pending
INV0000782,P000133,Person,P012223,Person,2023-04-06,2023-04-30,39560,ETB,Consulting,Cancelled
INV0000783,P078874,Person,P036482,Person,2022-08-11,2022-10-28,2924,ETB,Equipment Supply,Paid
INV0000784,P011838,Person,P079708,Person,2025-05-28,2025-06-29,6349,ETB,Professional Services,Paid
INV0000785,P001041,Person,P060998,Person,2024-01-13,2024-04-04,3851,ETB,Logistics,Paid
INV0000786,P000724,Person,P092300,Person,2023-12-15,2024-02-13,2111,ETB,Professional Services,Overdue
INV0000787,P066520,Person,P092019,Person,2022-11-08,2022-12-22,10414,ETB,Equipment Supply,Paid
INV0000788,P022373,Person,P009256,Person,2025-06-07,2025-07-15,11256,USD,Subscription,Overdue
INV0000789,P086872,Person,P045969,Person,2025-11-13,2025-11-23,10617,AED,Software Development,Paid
INV0000790,P083642,Person,P095662,Person,2023-07-29,2023-08-10,20015,ETB,Professional Services,Paid
INV0000791,P040994,Person,P020790,Person,2023-02-22,2023-03-03,13229,USD,Software Development,Paid
INV0000792,P054547,Person,P071607,Person,2025-12-28,2026-03-08,92324,USD,Import Duty,Paid
INV0000793,P015438,Person,P009882,Person,2024-07-14,2024-08-03,38779,ETB,Export Fee,Paid
INV0000794,P090827,Person,P095008,Person,2023-09-04,2023-11-30,77739,ETB,Software Development,Paid
INV0000795,C01080,Company,P032344,Person,2023-10-06,2023-11-14,4965,ETB,Maintenance,Paid
INV0000796,P096997,Person,P077386,Person,2022-09-24,2022-12-03,94695,USD,Logistics,Paid
INV0000797,P044169,Person,P023121,Person,2022-10-11,2022-12-04,3570,EUR,Training,Pending
INV0000798,P051993,Person,P022315,Person,2025-12-13,2026-02-07,101747,ETB,Logistics,Paid
INV0000799,P034717,Person,P070036,Person,2023-06-24,2023-07-16,44738,CHF,Equipment Supply,Paid
INV0000800,P082462,Person,P071325,Person,2023-05-15,2023-06-08,6533,ETB,Import Duty,Paid
INV0000801,P067449,Person,P018457,Person,2025-11-09,2025-12-23,6171,ETB,Equipment Supply,Overdue
INV0000802,P067662,Person,P005245,Person,2022-12-03,2023-01-26,8177,ETB,Consulting,Paid
INV0000803,P037240,Person,P068501,Person,2025-12-15,2026-01-24,1325,EUR,Professional Services,Paid
INV0000804,P037322,Person,P092679,Person,2023-11-25,2024-02-15,241421,ETB,Professional Services,Paid
INV0000805,P016286,Person,C08080,Company,2024-06-20,2024-08-17,2225,ETB,Maintenance,Paid
INV0000806,P002644,Person,P078128,Person,2023-05-01,2023-05-16,5966,ETB,Consulting,Pending
INV0000807,P006152,Person,P090857,Person,2023-12-20,2024-03-03,4308,ETB,Professional Services,Pending
INV0000808,P098211,Person,P090524,Person,2022-11-21,2023-01-29,43300,USD,Export Fee,Cancelled
INV0000809,P047783,Person,P094351,Person,2022-04-24,2022-05-20,3200,ETB,Training,Paid
INV0000810,P055817,Person,P098847,Person,2025-08-02,2025-10-05,188702,ETB,Maintenance,Overdue
INV0000811,P007900,Person,P096943,Person,2022-08-09,2022-08-29,21733,ETB,Export Fee,Pending
INV0000812,P092416,Person,P032679,Person,2024-04-18,2024-05-28,8948,ETB,Training,Paid
INV0000813,P089923,Person,P018647,Person,2022-08-13,2022-10-01,1806,ETB,Logistics,Cancelled
INV0000814,P049267,Person,P046329,Person,2025-06-05,2025-07-04,18167,ETB,Professional Services,Paid
INV0000815,C09470,Company,C04531,Company,2023-04-21,2023-07-13,141042,ETB,Export Fee,Paid
INV0000816,P077582,Person,P002634,Person,2023-11-28,2024-01-21,9287,ETB,Professional Services,Paid
INV0000817,P081884,Person,P074570,Person,2023-10-05,2023-11-23,8084,ETB,Training,Paid
INV0000818,P043017,Person,P036837,Person,2023-06-17,2023-09-13,946415,EUR,Equipment Supply,Paid
INV0000819,P079014,Person,P006217,Person,2025-02-05,2025-05-05,5542,ETB,Equipment Supply,Paid
INV0000820,P087683,Person,C01171,Company,2022-03-20,2022-06-11,263879,USD,Export Fee,Pending
INV0000821,C09345,Company,P093209,Person,2024-04-23,2024-07-16,38817,ETB,Maintenance,Pending
INV0000822,C08339,Company,P008609,Person,2024-04-01,2024-06-29,4631,ETB,Training,Paid
INV0000823,P075832,Person,P074666,Person,2022-09-15,2022-11-24,3688,ETB,Software Development,Overdue
INV0000824,P035525,Person,P058672,Person,2023-12-19,2024-03-10,14989,ETB,Training,Paid
INV0000825,C01932,Company,P032596,Person,2024-10-19,2024-10-28,5339,ETB,Professional Services,Paid
INV0000826,P094552,Person,P049050,Person,2022-12-05,2022-12-15,46252,ETB,Consulting,Pending
INV0000827,P057184,Person,P043100,Person,2025-09-17,2025-12-04,2363,ETB,Training,Overdue
INV0000828,P071036,Person,P078634,Person,2022-06-14,2022-07-19,5266,ETB,Training,Paid
INV0000829,P070284,Person,P063517,Person,2023-02-12,2023-04-16,44502,ETB,Software Development,Overdue
INV0000830,P012636,Person,P082987,Person,2025-06-22,2025-09-17,63175,ETB,Subscription,Overdue
INV0000831,P021741,Person,P017702,Person,2024-01-28,2024-02-07,21126,USD,Consulting,Paid
INV0000832,P069116,Person,P072570,Person,2025-12-17,2025-12-29,24284,ETB,Training,Paid
INV0000833,P012728,Person,P031815,Person,2024-11-17,2024-12-07,2775,ETB,Subscription,Paid
INV0000834,P086806,Person,P063619,Person,2023-03-22,2023-06-16,49578,ETB,Training,Paid
INV0000835,P089841,Person,P019559,Person,2024-02-28,2024-04-20,34015,ETB,Export Fee,Pending
INV0000836,C01480,Company,P047308,Person,2022-03-14,2022-04-22,3715,ETB,Export Fee,Paid
INV0000837,P027513,Person,P048741,Person,2025-09-24,2025-12-17,13131,ETB,Professional Services,Paid
INV0000838,P078261,Person,P073005,Person,2025-09-28,2025-10-27,13193,ETB,Subscription,Paid
INV0000839,P025143,Person,P005134,Person,2025-03-24,2025-06-18,83900,ETB,Software Development,Paid
INV0000840,P089730,Person,P007718,Person,2025-04-29,2025-06-29,5062,ETB,Export Fee,Overdue
INV0000841,P039085,Person,C00731,Company,2022-11-25,2023-01-26,56580,ETB,Export Fee,Paid
INV0000842,P078079,Person,P045192,Person,2024-03-05,2024-05-31,11148,ETB,Training,Cancelled
INV0000843,P089955,Person,P054917,Person,2022-10-03,2022-12-12,828,ETB,Software Development,Paid
INV0000844,C05542,Company,C07984,Company,2025-11-14,2026-02-03,1768,ETB,Equipment Supply,Paid
INV0000845,P009033,Person,P098536,Person,2023-12-28,2024-02-16,22905,ETB,Equipment Supply,Paid
INV0000846,P021982,Person,P004103,Person,2024-11-23,2024-12-30,110087,ETB,Export Fee,Paid
INV0000847,P048866,Person,P011132,Person,2025-12-23,2026-03-01,21703,ETB,Consulting,Paid
INV0000848,P080825,Person,C01610,Company,2022-05-04,2022-07-15,21705,ETB,Logistics,Paid
INV0000849,P086862,Person,P035501,Person,2023-03-28,2023-05-19,7004,ETB,Consulting,Paid
INV0000850,P092849,Person,P011721,Person,2024-07-16,2024-09-22,9304,ETB,Software Development,Paid
INV0000851,P079488,Person,P044915,Person,2025-06-09,2025-08-18,64900,ETB,Import Duty,Paid
INV0000852,C06550,Company,P011256,Person,2023-02-24,2023-03-03,35351,ETB,Consulting,Pending
INV0000853,P091810,Person,P088597,Person,2022-12-28,2023-02-13,8858,ETB,Logistics,Paid
INV0000854,P063488,Person,P014779,Person,2024-05-09,2024-07-25,47908,ETB,Consulting,Pending
INV0000855,P024537,Person,P055817,Person,2022-10-30,2023-01-24,9752,USD,Equipment Supply,Paid
INV0000856,P064603,Person,P004048,Person,2022-11-08,2022-12-26,37258,ETB,Import Duty,Paid
INV0000857,P046564,Person,P069264,Person,2024-12-05,2025-01-28,410268,ETB,Maintenance,Paid
INV0000858,P021428,Person,P080018,Person,2025-06-08,2025-08-13,9006,ETB,Export Fee,Paid
INV0000859,P065696,Person,P089482,Person,2025-08-08,2025-08-21,6136,GBP,Subscription,Pending
INV0000860,P010482,Person,P092412,Person,2025-09-03,2025-10-13,18118,ETB,Professional Services,Paid
INV0000861,P084919,Person,P059843,Person,2022-03-09,2022-04-12,22585,ETB,Training,Overdue
INV0000862,P083269,Person,P077229,Person,2022-11-25,2022-12-19,101418,ETB,Logistics,Paid
INV0000863,P047911,Person,P034160,Person,2024-10-19,2025-01-12,4815,ETB,Subscription,Paid
INV0000864,P082244,Person,P024683,Person,2023-03-26,2023-06-14,9049,ETB,Consulting,Paid
INV0000865,P036059,Person,P019757,Person,2024-03-19,2024-06-08,21603,ETB,Software Development,Paid
INV0000866,P080180,Person,P064192,Person,2022-08-15,2022-11-03,121110,ETB,Logistics,Paid
INV0000867,P044575,Person,P065542,Person,2024-07-23,2024-10-03,4377,ETB,Professional Services,Pending
INV0000868,P079847,Person,P039495,Person,2022-04-05,2022-05-03,9400,ETB,Consulting,Overdue
INV0000869,C01244,Company,P022176,Person,2023-01-25,2023-03-09,27120,ETB,Maintenance,Paid
INV0000870,P052162,Person,P068471,Person,2023-11-24,2023-12-14,7335,ETB,Subscription,Overdue
INV0000871,P097159,Person,P047168,Person,2025-01-09,2025-02-07,70673,ETB,Equipment Supply,Paid
INV0000872,P027188,Person,P053287,Person,2025-01-07,2025-03-07,19475,ETB,Export Fee,Pending
INV0000873,P058666,Person,P005813,Person,2024-05-22,2024-07-12,139873,ETB,Logistics,Paid
INV0000874,P029025,Person,P053769,Person,2024-07-30,2024-10-15,2435,GBP,Import Duty,Cancelled
INV0000875,P024256,Person,P026595,Person,2023-01-24,2023-04-06,1376,ETB,Software Development,Cancelled
INV0000876,P057505,Person,P015272,Person,2022-10-05,2022-11-18,31627,ETB,Equipment Supply,Paid
INV0000877,P084077,Person,P016743,Person,2024-10-04,2025-01-01,120364,ETB,Software Development,Paid
INV0000878,P072638,Person,P069496,Person,2025-04-04,2025-06-29,10444,ETB,Maintenance,Overdue
INV0000879,P077314,Person,P049295,Person,2023-01-24,2023-01-31,42912,ETB,Subscription,Paid
INV0000880,P036529,Person,P015431,Person,2024-01-03,2024-02-04,79681,ETB,Training,Overdue
INV0000881,P003352,Person,P012368,Person,2022-04-03,2022-05-01,14544,GBP,Maintenance,Paid
INV0000882,P007900,Person,P020737,Person,2024-05-13,2024-05-25,50077,EUR,Export Fee,Paid
INV0000883,P078624,Person,P071320,Person,2024-06-23,2024-09-20,26751,GBP,Training,Paid
INV0000884,P093583,Person,P046578,Person,2022-01-24,2022-04-10,5270,ETB,Maintenance,Pending
INV0000885,P020994,Person,P021191,Person,2025-09-27,2025-11-08,117263,ETB,Export Fee,Paid
INV0000886,P026078,Person,P049193,Person,2022-11-04,2022-11-29,48120,ETB,Software Development,Pending
INV0000887,P029424,Person,P017010,Person,2024-02-28,2024-04-27,15762,ETB,Software Development,Pending
INV0000888,P017488,Person,C06606,Company,2023-09-12,2023-12-06,2844,ETB,Subscription,Paid
INV0000889,P093977,Person,P032547,Person,2023-10-29,2024-01-16,15286,ETB,Logistics,Paid
INV0000890,P010791,Person,P078575,Person,2024-12-23,2025-01-08,4497,ETB,Maintenance,Paid
INV0000891,P057885,Person,P058960,Person,2025-06-27,2025-09-01,7780,AED,Import Duty,Paid
INV0000892,P056553,Person,P083957,Person,2025-06-11,2025-07-02,3391,ETB,Logistics,Overdue
INV0000893,P041524,Person,P040939,Person,2023-05-18,2023-05-26,698,ETB,Import Duty,Paid
INV0000894,P036656,Person,P040988,Person,2024-09-03,2024-10-05,14412,EUR,Maintenance,Paid
INV0000895,P014396,Person,P082368,Person,2022-07-23,2022-09-02,25086,ETB,Maintenance,Pending
INV0000896,P021860,Person,P071897,Person,2025-11-29,2026-02-16,80744,ETB,Professional Services,Paid
INV0000897,P079429,Person,P044301,Person,2025-04-04,2025-05-02,127312,GBP,Export Fee,Paid
INV0000898,P058541,Person,P065559,Person,2024-07-16,2024-10-03,116092,ETB,Logistics,Paid
INV0000899,P051804,Person,P002002,Person,2025-08-25,2025-10-09,3832,ETB,Subscription,Paid
INV0000900,P074858,Person,P004862,Person,2022-07-17,2022-10-08,38027,ETB,Export Fee,Paid
INV0000901,P061053,Person,P038776,Person,2025-04-23,2025-05-09,246324,ETB,Professional Services,Paid
INV0000902,P030687,Person,P089664,Person,2023-12-19,2024-03-07,28477,ETB,Software Development,Paid
INV0000903,P023147,Person,P095682,Person,2022-07-30,2022-08-12,18712,ETB,Maintenance,Paid
INV0000904,P036488,Person,P046662,Person,2023-11-30,2024-01-24,965,ETB,Consulting,Paid
INV0000905,C02098,Company,P039977,Person,2025-09-13,2025-10-18,28117,ETB,Equipment Supply,Paid
INV0000906,P094952,Person,P042072,Person,2022-03-30,2022-05-21,615,GBP,Equipment Supply,Paid
INV0000907,P019308,Person,P080176,Person,2024-05-26,2024-07-02,11947,ETB,Subscription,Paid
INV0000908,P017137,Person,P085892,Person,2025-09-23,2025-11-27,34353,ETB,Professional Services,Paid
INV0000909,P021247,Person,P068665,Person,2025-06-09,2025-06-26,12363,ETB,Import Duty,Paid
INV0000910,P023431,Person,P081989,Person,2024-01-01,2024-03-20,9050,USD,Import Duty,Paid
INV0000911,P063735,Person,P009126,Person,2023-05-31,2023-06-10,3815,USD,Training,Paid
INV0000912,P068252,Person,P057076,Person,2025-12-23,2026-02-11,11405,ETB,Maintenance,Cancelled
INV0000913,P023712,Person,P017091,Person,2025-04-09,2025-06-13,7988,ETB,Software Development,Pending
INV0000914,P091803,Person,P080465,Person,2022-04-16,2022-06-01,2981,ETB,Software Development,Pending
INV0000915,C01985,Company,P062789,Person,2023-04-23,2023-07-05,26887,ETB,Professional Services,Paid
INV0000916,P056236,Person,P099216,Person,2024-03-15,2024-04-19,94254,ETB,Software Development,Paid
INV0000917,P029931,Person,P059511,Person,2024-08-02,2024-08-18,11197,ETB,Professional Services,Paid
INV0000918,C06306,Company,P087930,Person,2025-03-22,2025-05-24,1505,EUR,Software Development,Overdue
INV0000919,P055666,Person,P098103,Person,2023-03-19,2023-05-25,2426,ETB,Logistics,Overdue
INV0000920,P012675,Person,P013144,Person,2025-09-03,2025-11-28,4074,ETB,Consulting,Paid
INV0000921,P077475,Person,C00450,Company,2023-07-27,2023-08-10,38234,ETB,Professional Services,Paid
INV0000922,P008525,Person,C04744,Company,2023-05-01,2023-06-02,1837,ETB,Professional Services,Paid
INV0000923,P097284,Person,P082997,Person,2023-02-08,2023-02-19,289135,ETB,Maintenance,Pending
INV0000924,P061962,Person,P047104,Person,2023-03-11,2023-04-25,3610,ETB,Professional Services,Cancelled
INV0000925,P043679,Person,P005255,Person,2025-08-24,2025-09-09,5151,ETB,Training,Paid
INV0000926,P081035,Person,P074959,Person,2023-11-20,2023-12-14,143516,ETB,Import Duty,Paid
INV0000927,P048726,Person,P031147,Person,2024-08-20,2024-11-01,5070,ETB,Subscription,Paid
INV0000928,P060985,Person,P027736,Person,2024-09-28,2024-12-22,146668,USD,Import Duty,Pending
INV0000929,P036796,Person,P035853,Person,2025-01-14,2025-02-12,16595,EUR,Professional Services,Paid
INV0000930,P062656,Person,P089423,Person,2023-11-21,2024-01-26,31351,ETB,Maintenance,Pending
INV0000931,P028773,Person,P073494,Person,2022-07-25,2022-09-08,39292,ETB,Export Fee,Paid
INV0000932,P007370,Person,P050449,Person,2023-07-08,2023-07-29,10948,ETB,Equipment Supply,Paid
INV0000933,P093623,Person,P015239,Person,2025-05-06,2025-05-19,15737,ETB,Equipment Supply,Overdue
INV0000934,P091689,Person,P053865,Person,2024-09-05,2024-09-16,15859,ETB,Subscription,Paid
INV0000935,P041083,Person,P035626,Person,2025-07-10,2025-07-30,55712,EUR,Import Duty,Pending
INV0000936,P066127,Person,P023716,Person,2024-03-01,2024-04-23,7805,ETB,Training,Paid
INV0000937,P015617,Person,P028245,Person,2023-11-10,2023-12-13,103263,ETB,Training,Paid
INV0000938,P001112,Person,P044865,Person,2023-09-08,2023-11-14,9060,ETB,Professional Services,Paid
INV0000939,P032704,Person,P007858,Person,2025-01-21,2025-04-10,32147,USD,Export Fee,Pending
INV0000940,P033253,Person,P052004,Person,2022-08-01,2022-09-09,16380,EUR,Export Fee,Paid
INV0000941,P023330,Person,P021193,Person,2022-11-08,2023-01-31,163400,ETB,Maintenance,Pending
INV0000942,P077031,Person,P033016,Person,2024-04-27,2024-07-08,41244,USD,Equipment Supply,Cancelled
INV0000943,P051266,Person,P086156,Person,2022-05-18,2022-05-27,61308,ETB,Import Duty,Pending
INV0000944,P027351,Person,P004608,Person,2022-11-24,2023-01-06,423483,ETB,Import Duty,Paid
INV0000945,P018320,Person,P061055,Person,2024-03-05,2024-03-15,7429,ETB,Export Fee,Paid
INV0000946,P084083,Person,P037164,Person,2024-09-21,2024-10-15,197443,ETB,Logistics,Paid
INV0000947,P077084,Person,C02338,Company,2024-03-27,2024-04-18,7002,ETB,Maintenance,Pending
INV0000948,P095581,Person,P049540,Person,2022-04-10,2022-05-13,1206,ETB,Equipment Supply,Paid
INV0000949,P019034,Person,P007496,Person,2024-01-15,2024-03-04,13133,ETB,Professional Services,Paid
INV0000950,P057767,Person,P001249,Person,2024-06-14,2024-07-11,3077,ETB,Import Duty,Paid
INV0000951,P041935,Person,P019816,Person,2024-10-16,2025-01-07,55013,ETB,Subscription,Paid
INV0000952,P010040,Person,P037391,Person,2025-10-27,2026-01-15,15259,ETB,Logistics,Paid
INV0000953,P084598,Person,P043763,Person,2025-09-28,2025-12-21,1895,ETB,Consulting,Paid
INV0000954,P088104,Person,P010586,Person,2024-11-21,2024-12-16,10904,ETB,Maintenance,Paid
INV0000955,P069599,Person,P088467,Person,2022-07-04,2022-09-07,2610,ETB,Import Duty,Pending
INV0000956,P074261,Person,C01441,Company,2024-03-18,2024-06-06,10038,ETB,Subscription,Paid
INV0000957,P058658,Person,C01527,Company,2022-06-30,2022-09-26,122378,ETB,Export Fee,Cancelled
INV0000958,P004072,Person,P027546,Person,2024-11-26,2024-12-06,113051,ETB,Import Duty,Paid
INV0000959,P025662,Person,P065407,Person,2024-09-01,2024-09-19,1820,ETB,Logistics,Paid
INV0000960,P069690,Person,P009657,Person,2023-07-29,2023-09-28,5651,USD,Subscription,Paid
INV0000961,P097491,Person,P052867,Person,2023-10-03,2023-11-09,8051,ETB,Software Development,Paid
INV0000962,P006326,Person,P022769,Person,2024-01-19,2024-04-14,27929,ETB,Maintenance,Paid
INV0000963,P080380,Person,P022725,Person,2023-04-06,2023-04-13,8343,USD,Logistics,Pending
INV0000964,P031619,Person,P080726,Person,2024-10-23,2024-12-24,14556,ETB,Maintenance,Paid
INV0000965,P029252,Person,P069195,Person,2022-12-03,2023-01-05,9849,USD,Logistics,Pending
INV0000966,P060605,Person,P097106,Person,2022-01-29,2022-04-01,76715,ETB,Maintenance,Pending
INV0000967,P082344,Person,P037265,Person,2022-04-03,2022-04-17,29531,ETB,Consulting,Paid
INV0000968,P009840,Person,C07155,Company,2022-07-06,2022-09-05,18512,ETB,Training,Paid
INV0000969,P073972,Person,P019553,Person,2022-11-04,2022-12-09,76857,ETB,Logistics,Paid
INV0000970,P085354,Person,P093691,Person,2024-11-14,2024-11-29,23596,ETB,Training,Paid
INV0000971,P058683,Person,P061816,Person,2024-10-17,2024-12-10,135364,ETB,Professional Services,Pending
INV0000972,P025988,Person,P062424,Person,2023-11-29,2023-12-06,344293,ETB,Maintenance,Paid
INV0000973,P075883,Person,P095025,Person,2024-06-13,2024-08-26,7635,GBP,Export Fee,Paid
INV0000974,C00300,Company,P049830,Person,2022-11-29,2023-02-23,28563,EUR,Export Fee,Paid
INV0000975,P053818,Person,P024051,Person,2024-07-10,2024-07-26,9533,ETB,Consulting,Pending
INV0000976,P034027,Person,P074224,Person,2024-12-28,2025-02-11,46941,ETB,Logistics,Paid
INV0000977,P066114,Person,P089887,Person,2024-01-02,2024-02-16,44358,ETB,Subscription,Paid
INV0000978,P050944,Person,P052770,Person,2025-08-15,2025-09-01,28898,ETB,Logistics,Paid
INV0000979,P017265,Person,P037230,Person,2023-07-12,2023-09-02,8788,ETB,Professional Services,Overdue
INV0000980,P024302,Person,P085474,Person,2024-03-31,2024-04-24,5439,USD,Subscription,Paid
INV0000981,P005299,Person,P075898,Person,2022-08-17,2022-09-12,3468,ETB,Import Duty,Pending
INV0000982,P033549,Person,P094436,Person,2025-11-18,2026-01-12,42549,ETB,Subscription,Paid
INV0000983,P028478,Person,P057415,Person,2024-02-12,2024-02-27,30732,ETB,Training,Paid
INV0000984,P031208,Person,P023416,Person,2025-02-14,2025-04-14,5245,ETB,Professional Services,Paid
INV0000985,P037822,Person,P086905,Person,2024-12-10,2025-02-08,3222,ETB,Equipment Supply,Pending
INV0000986,P089008,Person,P095756,Person,2025-01-04,2025-03-22,18133,ETB,Maintenance,Overdue
INV0000987,P060138,Person,P014714,Person,2023-06-18,2023-08-31,123803,ETB,Training,Paid
INV0000988,P070922,Person,P050748,Person,2023-05-23,2023-06-22,16753,ETB,Software Development,Paid
INV0000989,P070589,Person,P073659,Person,2022-06-01,2022-07-31,60263,ETB,Import Duty,Pending
INV0000990,P067841,Person,P062717,Person,2024-11-08,2024-11-29,1429,EUR,Professional Services,Pending
INV0000991,P012103,Person,P027806,Person,2022-08-01,2022-08-14,123634,ETB,Consulting,Paid
INV0000992,P065473,Person,P001579,Person,2022-08-06,2022-10-18,142897,ETB,Export Fee,Paid
INV0000993,P015528,Person,P014348,Person,2024-09-04,2024-09-21,39358,ETB,Export Fee,Paid
INV0000994,P024416,Person,P075135,Person,2023-03-02,2023-04-20,3813,ETB,Equipment Supply,Paid
INV0000995,P009798,Person,P055632,Person,2023-04-03,2023-06-21,2559,ETB,Training,Overdue
INV0000996,P073893,Person,C08742,Company,2024-10-09,2024-11-19,8869,ETB,Subscription,Paid
INV0000997,P071616,Person,P030470,Person,2023-03-08,2023-05-13,22205,ETB,Software Development,Paid
INV0000998,P025978,Person,P008434,Person,2022-07-29,2022-10-15,1970,ETB,Software Development,Pending
INV0000999,P053208,Person,P053782,Person,2025-01-13,2025-01-29,9424,EUR,Import Duty,Paid
INV0001000,P054126,Person,P017466,Person,2024-07-23,2024-09-16,234880,GBP,Import Duty,Pending
